MARC tag	Subfield delimiter	Subfield name	Repeatability	Other note
010	a	LC control number	NR	
010	b	NUCMC control number	R	
010	z	Canceled/invalid LC control number	R	
010	8	Field link and sequence number	R	
011	a	LINKING LC control number	R	
013	a	Number	NR	
013	b	Country	NR	
013	c	Type of number	NR	
013	d	Date	R	
013	e	Status	R	
013	f	Party to document	R	
013	6	Linkage	NR	
013	8	Field link and sequence number	R	
015	a	National bibliography number	R	
015	q	Qualifying information	R	
015	z	Canceled/Invalid national bibliography number	R	
015	2	Source	NR	
015	6	Linkage	NR	
015	8	Field link and sequence number	R	
016	a	Record control number	NR	
016	z	Canceled or invalid record control number	R	
016	2	Source	NR	
016	8	Field link and sequence number	R	
017	a	Copyright or legal deposit number	R	
017	b	Assigning agency	NR	
017	d	Date	NR	
017	i	Display text	NR	
017	z	Canceled/invalid copyright or legal deposit number	R	
017	2	Source	NR	
017	6	Linkage	NR	
017	8	Field link and sequence number	R	
018	a	Copyright article-fee code	NR	
018	6	Linkage	NR	
018	8	Field link and sequence number	R	
020	a	International Standard Book Number	NR	
020	c	Terms of availability	NR	
020	q	Qualifying information	R	
020	z	Canceled/invalid ISBN	R	
020	6	Linkage	NR	
020	8	Field link and sequence number	R	
022	a	International Standard Serial Number	NR	
022	l	ISSN-L	NR	
022	m	Canceled ISSN-L	R	
022	y	Incorrect ISSN	R	
022	z	Canceled ISSN	R	
022	2	Source	NR	
022	6	Linkage	NR	
022	8	Field link and sequence number	R	
024	a	Standard number or code	NR	
024	c	Terms of availability	NR	
024	d	Additional codes following the standard number or code	NR	
024	q	Qualifying information	R	
024	z	Canceled/invalid standard number or code	R	
024	2	Source of number or code	NR	
024	6	Linkage	NR	
024	8	Field link and sequence number	R	
025	a	Overseas acquisition number	R	
025	8	Field link and sequence number	R	
026	a	First and second groups of characters	NR	
026	b	Third and fourth groups of characters	NR	
026	c	Date	NR	
026	d	Number of volume or part	R	
026	e	Unparsed fingerprint	NR	
026	2	Source	NR	
026	5	Institution to which field applies	R	
026	6	Linkage	NR	
026	8	Field link and sequence number	R	
027	a	Standard technical report number	NR	
027	q	Qualifying information	R	
027	z	Canceled/invalid number	R	
027	6	Linkage	NR	
027	8	Field link and sequence number	R	
028	a	Publisher or distributor number	NR	
028	b	Source	NR	
028	q	Qualifying information	R	
028	6	Linkage	NR	
028	8	Field link and sequence number	R	
030	a	CODEN	NR	
030	z	Canceled/invalid CODEN	R	
030	6	Linkage	NR	
030	8	Field link and sequence number	R	
031	a	Number of work	NR	
031	b	Number of movement	NR	
031	c	Number of excerpt	NR	
031	d	Caption or heading	R	
031	e	Role 	NR	
031	g	Clef 	NR	
031	m	Voice/instrument	NR	
031	n	Key signature	NR	
031	o	Time signature	NR	
031	p	Musical notation	NR	
031	q	General note	R	
031	r	Key or mode	NR	
031	s	Coded validity note	R	
031	t	Text incipit	R	
031	u	Uniform Resource Identifier	R	
031	y	Link text	R	
031	z	Public note	R	
031	2	System code	NR	
031	6	Linkage	NR	
031	8	Field link and sequence number	R	
033	a	Postal registration number	NR	
033	b	Source (agency assigning number)	NR	
033	6	Linkage	NR	
033	8	Field link and sequence number	R	
033	a	Formatted date/time	R	
033	b	Geographic classification area code	R	
033	c	Geographic classification subarea code	R	
033	p	Place of event	R	
033	0	Record control number	R	
033	2	Source of term	R	
033	3	Materials specified	NR	
033	6	Linkage	NR	
033	8	Field link and sequence number	R	
034	a	Category of scale	NR	
034	b	Constant ratio linear horizontal scale	R	
034	c	Constant ratio linear vertical scale	R	
034	d	Coordinates--westernmost longitude	NR	
034	e	Coordinates--easternmost longitude	NR	
034	f	Coordinates--northernmost latitude	NR	
034	g	Coordinates--southernmost latitude	NR	
034	h	Angular scale	R	
034	j	Declination--northern limit	NR	
034	k	Declination--southern limit	NR	
034	m	Right ascension--eastern limit	NR	
034	n	Right ascension--western limit	NR	
034	p	Equinox	NR	
034	r	Distance from earth 	NR	
034	s	G-ring latitude	R	
034	t	G-ring longitude	R	
034	x	Beginning date	NR	
034	y	Ending date	NR	
034	z	Name of extraterrestrial body 	NR	
034	0	Authority record control number or standard number	R	
034	2	Source 	NR	
034	3	Materials specified	NR	
034	6	Linkage	NR	
034	8	Field link and sequence number	R	
035	a	System control number	NR	
035	z	Canceled/invalid control number	R	
035	6	Linkage	NR	
035	8	Field link and sequence number	R	
036	a	Original study number	NR	
036	b	Source (agency assigning number)	NR	
036	6	Linkage	NR	
036	8	Field link and sequence number	R	
037	a	Stock number	NR	
037	b	Source of stock number/acquisition	NR	
037	c	Terms of availability	R	
037	f	Form of issue	R	
037	g	Additional format characteristics	R	
037	n	Note	R	
037	3	Materials specified	NR	
037	5	Institution to which field applies	R	
037	6	Linkage	NR	
037	8	Field link and sequence number	R	
038	a	Record content licensor	NR	
038	6	Linkage	NR	
038	8	Field link and sequence number	R	
040	a	Original cataloging agency	NR	
040	b	Language of cataloging	NR	
040	c	Transcribing agency	NR	
040	d	Modifying agency	R	
040	e	Description conventions	R	
040	6	Linkage	NR	
040	8	Field link and sequence number	R	
041	a	Language code of text/sound track or separate title	R	
041	b	Language code of summary or abstract	R	
041	c	Languages of separate titles		[OBSOLETE]
041	c	languages of available translation		[OBSOLETE]
041	d	Language code of sung or spoken text	R	
041	e	Language code of librettos	R	
041	f	Language code of table of contents	R	
041	g	Language code of accompanying material other than librettos	R	
041	h	Language code of original and/or intermediate translations of text	R	[REDEFINED]
041	h	Language code of original	R	
041	j	Language code of subtitles or captions	R	
041	k	Language code of intermediate translations	R	
041	m	Language code of original accompanying materials other than librettos	R	
041	n	Language code of original libretto	R	
041	2	Source of code	NR	
041	6	Linkage	NR	
041	8	Field link and sequence number	R	
042	a	Authentication code	R	
043	a	Geographic area code	R	
043	b	Local GAC code	R	
043	c	ISO code	R	
043	0	Authority record control number or standard number	R	
043	2	Source of local code	R	
043	6	Linkage	NR	
043	8	Field link and sequence number	R	
044	a	MARC country code	R	
044	b	Local subentity code	R	
044	c	ISO country code	R	
044	2	Source of local subentity code	R	
044	6	Linkage	NR	
044	8	Field link and sequence number	R	
045	a	Time period code	R	
045	b	Formatted 9999 B.C. through C.E. time period	R	
045	c	Formatted pre-9999 B.C. time period	R	
045	6	Linkage	NR	
045	8	Field link and sequence number	R	
046	a	Type of date code	NR	
046	b	Date 1 (B.C.E. date)	NR	
046	c	Date 1 (C.E. date)	NR	
046	d	Date 2 (B.C.E. date)	NR	
046	e	Date 2 (C.E. date)	NR	
046	j	Date resource modified	NR	
046	k	Beginning or single date created	NR	
046	l	Ending date created	NR	
046	m	Beginning of date valid	NR	
046	o	Single or starting date for aggregated content	NR	
046	p	Ending date for aggregated content	NR	
046	n	End of date valid	NR	
046	2	Source of date	NR	
046	6	Linkage	NR	
046	8	Field link and sequence number	R	
047	a	Form of musical composition code	R	
047	2	Source of code	NR	
047	8	Field link and sequence number	R	
048	a	Performer or ensemble	R	
048	b	Soloist	R	
048	2	Source of code	NR	
048	8	Field link and sequence number	R	
050	a	Classification number	R	
050	b	Item number	NR	
050	d	Supplementary class number		[OBSOLETE]
050	3	Materials specified	NR	
050	6	Linkage	NR	
050	8	Field link and sequence number	R	
051	a	Classification number	NR	
051	b	Item number	NR	
051	c	Copy information	NR	
051	8	Field link and sequence number	R	
052	a	Geographic classification area code	NR	
052	b	Geographic classification subarea code	R	
052	c	Subject		[OBSOLETE]
052	d	Populated place name	R	
052	2	Code source	NR	
052	6	Linkage	NR	
052	8	Field link and sequence number	R	
055	a	Classification number	NR	
055	b	Item number	NR	
055	2	Source of call/class number	NR	
055	6	Linkage	NR	
055	8	Field link and sequence number	R	
060	a	Classification number	R	
060	b	Item number	NR	
060	8	Field link and sequence number	R	
061	a	Classification number	R	
061	b	Item number	NR	
061	c	Copy information	NR	
061	8	Field link and sequence number	R	
066	a	Primary G0 character set	NR	
066	b	Primary G1 character set	NR	
066	c	Alternate G0 or G1 character set	R	
070	a	Classification number	R	
070	b	Item number	NR	
070	8	Field link and sequence number	R	
071	a	Classification number	R	
071	b	Item number	NR	
071	c	Copy information	NR	
071	8	Field link and sequence number	R	
072	a	Subject category code	NR	
072	x	Subject category code subdivision	R	
072	2	Source	NR	
072	6	Linkage	NR	
072	8	Field link and sequence number	R	
074	a	GPO item number	NR	
074	z	Canceled/invalid GPO item number	R	
074	8	Field link and sequence number	R	
080	a	Universal Decimal Classification number	NR	
080	b	Item number	NR	
080	x	Common auxiliary subdivision	R	
080	2	Edition identifier	NR	
080	6	Linkage	NR	
080	8	Field link and sequence number	R	
082	a	Classification number	R	
082	b	Item number	NR	
082	b	DDC number--abridged NST version		[OBSOLETE]
082	m	Standard or optional designation	NR	
082	q	Assigning agency	NR	
082	2	Edition number	NR	
082	6	Linkage	NR	
082	8	Field link and sequence number	R	
083	a	Classification number	R	
083	c	Classification number--Ending number of span	R	
083	m	Standard or optional designation	NR	
083	q	Assigning agency	NR	
083	y	Table sequence number for internal subarrangement or add table	R	
083	z	Table identification	R	
083	2	Edition number	NR	
083	6	Linkage	NR	
083	8	Field link and sequence number	R	
085	a	Classification number	R	
085	b	Item number	NR	
085	q	Assigning agency	NR	
085	2	Source of number	NR	
085	6	Linkage	NR	
085	8	Field link and sequence number	R	
085	a	Number where instructions are found-single number or beginning number of span	R	
085	b	Base number	R	
085	c	Classification number-ending number of span	R	
085	f	Facet designator	R	
085	r	Root number	R	
085	s	Digits added from classification number in schedule or external table	R	
085	t	Digits added from internal subarrangement or add table	R	
085	u	Number being analyzed	R	
085	v	Number in internal subarrangement or add table where instructions are found	R	
085	w	Table identification-Internal subarrangement or add table	R	
085	y	Table sequence number for internal subarrangement or add table	R	
085	z	Table identification	R	
085	6	Linkage	NR	
085	8	Field link and sequence number	R	
086	a	Classification number	NR	
086	z	Canceled/invalid classification number	R	
086	2	Number source	NR	
086	6	Linkage	NR	
086	8	Field link and sequence number	R	
088	a	Report number	NR	
088	z	Canceled/invalid report number	R	
088	6	Linkage	NR	
088	8	Field link and sequence number	R	
090	a	Local class number	NR	
090	b	Local Cutter number	NR	
090	a	Shelf location	NR	
091	a	Microfilm shelf location	NR	
100	a	Personal name	NR	
100	b	Numeration	NR	
100	c	Titles and other words associated with a name	R	
100	d	Dates associated with a name	NR	
100	e	Relator term	R	
100	f	Date of a work	NR	
100	g	Miscellaneous information	R	
100	j	Attribution qualifier	R	
100	k	Form subheading	R	
100	l	Language of a work	NR	
100	n	Number of part/section of a work	R	
100	p	Name of part/section of a work	R	
100	q	Fuller form of name	NR	
100	t	Title of a work	NR	
100	u	Affiliation	NR	
100	0	Authority record control number or standard number	R	
100	4	Relator code	R	
100	6	Linkage	NR	
100	8	Field link and sequence number	R	
110	a	Corporate name or jurisdiction name as entry element	NR	
110	b	Subordinate unit	R	
110	c	Location of meeting	R	
110	d	Date of meeting or treaty signing	R	
110	e	Relator term	R	
110	f	Date of a work	NR	
110	g	Miscellaneous information	R	
110	k	Form subheading	R	
110	l	Language of a work	NR	
110	n	Number of part/section/meeting	R	
110	p	Name of part/section of a work	R	
110	t	Title of a work	NR	
110	u	Affiliation	NR	
110	0	Authority record control number or standard number	R	
110	4	Relator code	R	
110	6	Linkage	NR	
110	8	Field link and sequence number	R	
111	a	Meeting name or jurisdiction name as entry element	NR	
111	b	Number		[OBSOLETE]
111	c	Location of meeting	R	
111	d	Date of meeting	NR	
111	e	Subordinate unit	R	
111	f	Date of a work	NR	
111	g	Miscellaneous information	R	
111	j	Relator term	R	
111	k	Form subheading	R	
111	l	Language of a work	NR	
111	n	Number of part/section/meeting	R	
111	p	Name of part/section of a work	R	
111	q	Name of meeting following jurisdiction name entry element	NR	
111	t	Title of a work	NR	
111	u	Affiliation	NR	
111	0	Authority record control number or standard number	R	
111	4	Relator code	R	
111	6	Linkage	NR	
111	8	Field link and sequence number	R	
130	a	Uniform title	NR	
130	d	Date of treaty signing	R	
130	f	Date of a work	NR	
130	g	Miscellaneous information	R	
130	h	Medium	NR	
130	k	Form subheading	R	
130	l	Language of a work	NR	
130	m	Medium of performance for music	R	
130	n	Number of part/section of a work	R	
130	o	Arranged statement for music	NR	
130	p	Name of part/section of a work	R	
130	r	Key for music	NR	
130	s	Version	NR	
130	t	Title of a work	NR	
130	0	Authority record control number or standard number	R	
130	6	Linkage	NR	
130	8	Field link and sequence number	R	
210	a	Abbreviated title	NR	
210	b	Qualifying information	NR	
210	2	Source	R	
210	6	Linkage	NR	
210	8	Field link and sequence number	R	
211	a	Acronym or shortened title	NR	
211	6	Linkage	NR	
212	a	Variant access title	NR	
212	6	Linkage	NR	
214	a	Augmented title	NR	
214	6	Linkage	NR	
222	a	Key title	NR	
222	b	Qualifying information	NR	
222	6	Linkage	NR	
222	8	Field link and sequence number	R	
240	a	Uniform title	NR	
240	d	Date of treaty signing	R	
240	f	Date of a work	NR	
240	g	Miscellaneous information	R	
240	h	Medium	NR	
240	k	Form subheading	R	
240	l	Language of a work	NR	
240	m	Medium of performance for music	R	
240	n	Number of part/section of a work	R	
240	o	Arranged statement for music	NR	
240	p	Name of part/section of a work	R	
240	r	Key for music	NR	
240	s	Version	NR	
240	0	Authority record control number or standard number	R	
240	6	Linkage	NR	
240	8	Field link and sequence number	R	
241	a	Romanized title	NR	
241	h	Medium	NR	
242	a	Title	NR	
242	b	Remainder of title	NR	
242	c	Statement of responsibility, etc.	NR	
242	d	Designation of section		[OBSOLETE]
242	e	Name of part/section		[OBSOLETE]
242	h	Medium	NR	
242	n	Number of part/section of a work	R	
242	p	Name of part/section of a work	R	
242	y	Language code of translated title	NR	
242	6	Linkage	NR	
242	8	Field link and sequence number	R	
243	a	Uniform title	NR	
243	d	Date of treaty signing	R	
243	f	Date of a work	NR	
243	g	Miscellaneous information	R	
243	h	Medium	NR	
243	k	Form subheading	R	
243	l	Language of a work	NR	
243	m	Medium of performance for music	R	
243	n	Number of part/section of a work	R	
243	o	Arranged statement for music	NR	
243	p	Name of part/section of a work	R	
243	r	Key for music	NR	
243	s	Version	NR	
243	6	Linkage	NR	
243	8	Field link and sequence number	R	
245	a	Title	NR	
245	b	Remainder of title	NR	
245	c	Statement of responsibility, etc.	NR	
245	d	Designation of section		[OBSOLETE]
245	e	Name of part/section		[OBSOLETE]
245	f	Inclusive dates	NR	
245	g	Bulk dates	NR	
245	h	Medium	NR	
245	k	Form	R	
245	n	Number of part/section of a work	R	
245	p	Name of part/section of a work	R	
245	s	Version	NR	
245	6	Linkage	NR	
245	8	Field link and sequence number	R	
246	a	Title proper/short title	NR	
246	b	Remainder of title	NR	
246	d	Designation of section		[OBSOLETE]
246	e	Name of part/section		[OBSOLETE]
246	f	Date or sequential designation	NR	
246	g	Miscellaneous information	R	
246	h	Medium	NR	
246	i	Display text	NR	
246	n	Number of part/section of a work	R	
246	p	Name of part/section of a work	R	
246	5	Institution to which field applies	NR	
246	6	Linkage	NR	
246	8	Field link and sequence number	R	
247	a	Title	NR	
247	b	Remainder of title	NR	
247	d	Designation of section		[OBSOLETE]
247	e	Name of part/section		[OBSOLETE]
247	f	Date or sequential designation	NR	
247	g	Miscellaneous information	R	
247	h	Medium	NR	
247	n	Number of part/section of a work	R	
247	p	Name of part/section of a work	R	
247	x	International Standard Serial Number	NR	
247	6	Linkage	NR	
247	8	Field link and sequence number	R	
250	a	Edition statement	NR	
250	b	Remainder of edition statement	NR	
250	3	Materials specified	NR	
250	6	Linkage	NR	
250	8	Field link and sequence number	R	
254	a	Musical presentation statement	NR	
254	6	Linkage	NR	
254	8	Field link and sequence number	R	
255	a	Statement of scale	NR	
255	b	Statement of projection	NR	
255	c	Statement of coordinates	NR	
255	d	Statement of zone	NR	
255	e	Statement of equinox	NR	
255	f	Outer G-ring coordinate pairs	NR	
255	g	Exclusion G-ring coordinate pairs	NR	
255	6	Linkage	NR	
255	8	Field link and sequence number	R	
256	a	Computer file characteristics	NR	
256	6	Linkage	NR	
256	8	Field link and sequence number	R	
257	a	Country of producing entity	R	
257	0	Authority record control number or standard number	R	
257	2	Source	NR	
257	6	Linkage	NR	
257	8	Field link and sequence number	R	
258	a	Issuing jurisdiction	NR	
258	b	Denomination	NR	
258	6	Linkage	NR	
258	8	Field link and sequence number	R	
261	a	Place of publication, distribution, etc.	R	
261	b	Name of publisher, distributor, etc.	R	
261	c	Date of publication, distribution, etc.	R	
261	d	Plate or publisher's number for music (Pre-AACR 2)	NR	[LOCAL]
261	e	Place of manufacture	R	
261	f	Manufacturer	R	
261	g	Date of manufacture	R	
261	3	Materials specified	NR	
261	6	Linkage	NR	
261	8	Field link and sequence number	R	
261	a	Producing company	R	
261	b	Releasing company (primary distributor)	R	
261	d	Date of production, release, etc.	R	
261	e	Contractual producer	R	
261	f	Place of production, release, etc.	R	
261	6	Linkage	NR	
261	8	Field link and sequence number	R	
262	a	Place of production, release, etc.	NR	
262	b	Publisher or trade name	NR	
262	c	Date of production, release, etc.	NR	
262	k	Serial identification	NR	
262	l	Matrix and/or take number	NR	
262	6	Linkage	NR	
262	8	Field link and sequence number	R	
264	a	Projected publication date	NR	
264	6	Linkage	NR	
264	8	Field link and sequence number	R	
264	a	Place of production, publication, distribution, manufacture	R	
264	b	Name of producer, publisher, distributor, manufacturer	R	
264	c	Date of production, publication, distribution, manufacture, or copyright notice	R	
264	3	Materials specified	NR	
264	6	Linkage	NR	
264	8	Field link and sequence number	R	
265	a	Source for acquisition/subscription address	R	
265	6	Linkage	NR	
270	a	Address	R	
270	b	City	NR	
270	c	State or province	NR	
270	d	Country	NR	
270	e	Postal code	NR	
270	f	Terms preceding attention name	NR	
270	g	Attention name	NR	
270	h	Attention position	NR	
270	i	Type of address	NR	
270	j	Specialized telephone number	R	
270	k	Telephone number	R	
270	l	Fax number	R	
270	m	Electronic mail address	R	
270	n	TDD or TTY number	R	
270	p	Contact person	R	
270	q	Title of contact person	R	
270	r	Hours	R	
270	z	Public note	R	
270	4	Relator code	R	
270	6	Linkage	NR	
270	8	Field link and sequence number	R	
300	a	Extent	R	
300	b	Other physical details	NR	
300	c	Dimensions	R	
300	e	Accompanying material	NR	
300	f	Type of unit	R	
300	g	Size of unit	R	
300	3	Materials specified	NR	
300	6	Linkage	NR	
300	8	Field link and sequence number	R	
301	a	Extent of item	NR	
301	b	Sound characteristics	NR	
301	c	Color characteristics	NR	
301	d	Dimensions	NR	
301	e	Accompanying material	NR	
301	f	Speed	NR	
302	a	Page count	NR	
303	a	Unit count	NR	
304	a	Linear footage	NR	
305	a	Extent	NR	
305	b	Other physical details	NR	
305	c	Dimensions	NR	
305	d	Microgroove or standard	NR	
305	e	Stereophonic, monaural	NR	
305	f	Number of tracks	NR	
305	m	Serial identification	NR	
305	n	Matrix and/or take number	NR	
305	6	Linkage	NR	
306	a	Playing time	R	
306	6	Linkage	NR	
306	8	Field link and sequence number	R	
307	a	Hours	NR	
307	b	Additional information	NR	
307	6	Linkage	NR	
307	8	Field link and sequence number	R	
308	a	Number of reels	NR	
308	b	Footage	NR	
308	c	Sound characteristics	NR	
308	d	Color characteristics	NR	
308	e	Width	NR	
308	f	Presentation format	NR	
308	6	Linkage	NR	
310	a	Current publication frequency	NR	
310	b	Date of current publication frequency	NR	
310	6	Linkage	NR	
310	8	Field link and sequence number	R	
315	a	Frequency	R	
315	b	Dates of frequency	R	
315	6	Linkage	NR	
340	a	Former publication frequency	NR	
340	b	Dates of former publication frequency	NR	
340	6	Linkage	NR	
340	8	Field link and sequence number	R	
340	a	Content type term	R	
340	b	Content type code	R	
340	0	Authority record control number or standard number	R	
340	2	Source	NR	
340	3	Materials specified	NR	
340	6	Linkage	NR	
340	8	Field link and sequence number	R	
340	a	Media type term	R	
340	b	Media type code	R	
340	0	Authority record control number or standard number	R	
340	2	Source	NR	
340	3	Materials specified	NR	
340	6	Linkage	NR	
340	8	Field link and sequence number	R	
340	a	Carrier type term	R	
340	b	Carrier type code	R	
340	0	Authority record control number or standard number	R	
340	2	Source	NR	
340	3	Materials specified	NR	
340	6	Linkage	NR	
340	8	Field link and sequence number	R	
340	a	Material base and configuration	R	
340	b	Dimensions	R	
340	c	Materials applied to surface	R	
340	d	Information recording technique	R	
340	e	Support	R	
340	f	Production rate/ratio	R	
340	h	Location within medium	R	
340	i	Technical specifications of medium	R	
340	j	Generation	R	
340	k	Layout	R	
340	m	Book format	R	
340	n	Font size	R	
340	o	Polarity	R	
340	0	Authority record control number or standard number	R	
340	2	Source	NR	
340	3	Materials specified	NR	
340	6	Linkage	NR	
340	8	Field link and sequence number	R	
342	a	Name	NR	
342	b	Coordinate or distance units	NR	
342	c	Latitude resolution	NR	
342	d	Longitude resolution	NR	
342	e	Standard parallel or oblique line latitude	R	
342	f	Oblique line longitude	R	
342	g	Longitude of central meridian or projection center	NR	
342	h	Latitude of projection origin or projection center	NR	
342	i	False easting	NR	
342	j	False northing	NR	
342	k	Scale factor	NR	
342	l	Height of perspective point above surface	NR	
342	m	Azimuthal angle	NR	
342	n	Azimuth measure point longitude or straight vertical longitude from pole	NR	
342	o	Landsat number and path number	NR	
342	p	Zone identifier	NR	
342	q	Ellipsoid name	NR	
342	r	Semi-major axis	NR	
342	s	Denominator of flattening ratio	NR	
342	t	Vertical resolution	NR	
342	u	Vertical encoding method	NR	
342	v	Local planar, local, or other projection or grid description	NR	
342	w	Local planar or local georeference information	NR	
342	2	Reference method used	NR	
342	6	Linkage	NR	
342	8	Field link and sequence number	R	
344	a	Planar coordinate encoding method	NR	
344	b	Planar distance units	NR	
344	c	Abscissa resolution	NR	
344	d	Ordinate resolution	NR	
344	e	Distance resolution	NR	
344	f	Bearing resolution	NR	
344	g	Bearing units	NR	
344	h	Bearing reference direction	NR	
344	i	Bearing reference meridian	NR	
344	6	Linkage	NR	
344	8	Field link and sequence number	R	
344	a	Type of recording	R	
344	b	Recording medium	R	
344	c	Playing speed	R	
344	d	Groove characteristic	R	
344	e	Track configuration	R	
344	f	Tape configuration	R	
344	g	Configuration of playback channels	R	
344	h	Special playback characteristics	R	
344	0	Authority record control number or standard number	R	
344	2	Source	NR	
344	3	Materials specified	NR	
344	6	Linkage	NR	
344	8	Field link and sequence number	R	
346	a	Presentation format	R	
346	b	Projection speed	R	
346	0	Authority record control number or standard number	R	
346	2	Source	NR	
346	3	Materials specified	NR	
346	6	Linkage	NR	
346	8	Field link and sequence number	R	
346	a	Video format	R	
346	b	Broadcast standard	R	
346	0	Authority record control number or standard number	R	
346	2	Source	NR	
346	3	Materials specified	NR	
346	6	Linkage	NR	
346	8	Field link and sequence number	R	
348	a	File type	R	
348	b	Encoding format	R	
348	c	File size	R	
348	d	Resolution	R	
348	e	Regional encoding	R	
348	f	Encoded bitrate	R	
348	0	Authority record control number or standard number	R	
348	2	Source	NR	
348	3	Materials specified	NR	
348	6	Linkage	NR	
348	8	Field link and sequence number	R	
348	a	Format of notated music term	R	
348	b	Format of notated music code	R	
348	0	Authority record control number or standard number	R	
348	2	Source of term	NR	
348	3	Materials specified	NR	
348	6	Linkage	NR	
348	8	Field link and sequence number	R	
350	a	Price	R	
350	b	Form of issue	R	
350	6	Linkage	NR	
351	a	Organization	R	
351	b	Arrangement	R	
351	c	Hierarchical level	NR	
351	3	Materials specified	NR	
351	6	Linkage	NR	
351	8	Field link and sequence number	R	
352	a	Direct reference method	NR	
352	b	Object type	R	
352	c	Object count	R	
352	d	Row count	NR	
352	e	Column count	NR	
352	f	Vertical count	NR	
352	g	VPF topology level	NR	
352	i	Indirect reference description	NR	
352	q	Format of the digital image	R	
352	6	Linkage	NR	
352	8	Field link and sequence number	R	
355	a	Security classification	NR	
355	b	Handling instructions	R	
355	c	External dissemination information	R	
355	d	Downgrading or declassification event	NR	
355	e	Classification system	NR	
355	f	Country of origin code	NR	
355	g	Downgrading date	NR	
355	h	Declassification date	NR	
355	j	Authorization	R	
355	6	Linkage	NR	
355	8	Field link and sequence number	R	
357	a	Originator control term	NR	
357	b	Originating agency	R	
357	c	Authorized recipients of material	R	
357	g	Other restrictions	R	
357	6	Linkage	NR	
357	8	Field link and sequence number	R	
359	a	Rental price	NR	
362	a	Dates of publication and/or sequential designation	NR	
362	z	Source of information	NR	
362	6	Linkage	NR	
362	8	Field link and sequence number	R	
363	a	First level of enumeration	NR	
363	b	Second level of enumeration	NR	
363	c	Third level of enumeration	NR	
363	d	Fourth level of enumeration	NR	
363	e	Fifth level of enumeration	NR	
363	f	Sixth level of enumeration	NR	
363	g	Alternative numbering scheme, first level of enumeration	NR	
363	h	Alternative numbering scheme, second level of enumeration	NR	
363	i	First level of chronology	NR	
363	j	Second level of chronology	NR	
363	k	Third level of chronology	NR	
363	l	Fourth level of chronology	NR	
363	m	Alternative numbering scheme, chronology	NR	
363	u	First level textual designation	NR	
363	v	First level of chronology, issuance	NR	
363	x	Nonpublic note	R	
363	z	Public note	R	
363	6	Linkage	NR	
363	8	Field link and sequence number	NR	
365	a	Price type code	NR	
365	b	Price amount	NR	
365	c	Currency code	NR	
365	d	Unit of pricing	NR	
365	e	Price note	NR	
365	f	Price effective from	NR	
365	g	Price effective until	NR	
365	h	Tax rate 1	NR	
365	i	Tax rate 2	NR	
365	j	ISO country code	NR	
365	k	MARC country code	NR	
365	m	Identification of pricing entity	NR	
365	2	Source of price type code	NR	
365	6	Linkage	NR	
365	8	Field link and sequence number	R	
366	a	Publishers' compressed title identification	NR	
366	b	Detailed date of publication	NR	
366	c	Availability status code	NR	
366	d	Expected next availability date	NR	
366	e	Note	NR	
366	f	Publishers' discount category	NR	
366	g	Date made out of print	NR	
366	j	ISO country code	NR	
366	k	MARC country code	NR	
366	m	Identification of agency	NR	
366	2	Source of availability status code	NR	
366	6	Linkage	NR	
366	8	Field link and sequence number	R	
385	c	Associated country	R	
385	f	Other associated place	R	
385	g	Place of origin of work	R	
385	s	Start period	NR	
385	t	End period	NR	
385	u	Uniform Resource Identifier	R	
385	v	Source of information	R	
385	0	Authority record control number or standard number	R	
385	2	Source of term	NR	
385	6	Linkage	NR	
385	8	Field link and sequence number	R	
385	a	Language code	R	
385	l	Language term	R	
385	0	Authority record control number or standard number	R	
385	2	Source	NR	
385	6	Linkage	NR	
385	8	Field link and sequence number	R	
385	a	Form of work	R	
385	0	Record control number	R	
385	2	Source of term	NR	
385	6	Linkage	NR	
385	8	Field link and sequence number	R	
385	a	Other distinguishing characteristic	R	
385	u	Uniform Resource Identifier	R	
385	v	Source of information	R	
385	0	Record control number	R	
385	2	Source of term	NR	
385	6	Linkage	NR	
385	8	Field link and sequence number	R	
385	a	Medium of performance	R	
385	b	Soloist	R	
385	d	Doubling instrument	R	
385	e	Number of ensembles of the same type	R	
385	n	Number of performers of the same medium	R	
385	p	Alternative medium of performance	R	
385	r	Total number of individuals performing alongside ensembles	NR	
385	s	Total number of performers	NR	
385	t	Total number of ensembles	NR	
385	v	Note	R	
385	0	Record control number	R	
385	2	Source of term	NR	
385	3	Materials specified	NR	
385	6	Linkage	NR	
385	8	Field link and sequence number	R	
385	a	Serial number	R	
385	b	Opus number	R	
385	c	Thematic index number	R	
385	d	Thematic index code	NR	
385	e	Publisher associated with opus number	NR	
385	2	Source	NR	
385	6	Linkage	NR	
385	8	Field link and sequence number	R	
385	a	Key	NR	
385	6	Linkage	NR	
385	8	Field link and sequence number	R	
385	a	Audience term	R	
385	b	Audience code	R	
385	m	Demographic group term	NR	
385	n	Demographic group code	NR	
385	0	Authority record control number or standard number	R	
385	2	Source	NR	
385	3	Materials specified	NR	
385	6	Linkage	NR	
385	8	Field link and sequence number	R	
386	a	Creator/contributor term	R	
386	b	Creator/contributor code	R	
386	m	Demographic group term	NR	
386	n	Demographic group code	NR	
386	0	Authority record control number or standard number	R	
386	2	Source	NR	
386	3	Materials specified	NR	
386	6	Linkage	NR	
386	8	Field link and sequence number	R	
388	a	Time period of creation term	R	
388	0	Authority record control number or standard number	R	
388	2	Source of term	NR	
388	3	Materials specified	NR	
388	6	Linkage	NR	
388	8	Field link and sequence number	R	
400	a	Personal name	NR	
400	b	Numeration	NR	
400	c	Titles and other words associated with a name	R	
400	d	Dates associated with a name	NR	
400	e	Relator term	R	
400	f	Date of a work	NR	
400	g	Miscellaneous information	R	
400	k	Form subheading	R	
400	l	Language of a work	NR	
400	n	Number of part/section of a work	R	
400	p	Name of part/section of a work	R	
400	q	Fuller form of name	NR	[OBSOLETE]
400	t	Title of a work	NR	
400	u	Affiliation	NR	
400	v	Volume number/sequential designation 	NR	
400	x	International Standard Serial Number 	NR	
400	4	Relator code	R	
400	6	Linkage	NR	
400	8	Field link and sequence number 	R	
410	a	Corporate name or jurisdiction name as entry element	NR	
410	b	Subordinate unit	R	
410	c	Location of meeting	NR	
410	d	Date of meeting or treaty signing	R	
410	e	Relator term	R	
410	f	Date of a work	NR	
410	g	Miscellaneous information	R	
410	k	Form subheading	R	
410	l	Language of a work	NR	
410	n	Number of part/section/meeting	R	
410	p	Name of part/section of a work	R	
410	t	Title of a work	NR	
410	u	Affiliation	NR	
410	v	Volume number/sequential designation 	NR	
410	x	International Standard Serial Number	NR	
410	4	Relator code	R	
410	6	Linkage	NR	
410	8	Field link and sequence number	R	
411	a	Meeting name or jurisdiction name as entry element	NR	
411	b			[OBSOLETE]
411	c	Location of meeting	NR	
411	d	Date of meeting	NR	
411	e	Subordinate unit	R	
411	f	Date of a work	NR	
411	g	Miscellaneous information	R	
411	k	Form subheading	R	
411	l	Language of a work	NR	
411	n	Number of part/section/meeting	R	
411	p	Name of part/section of a work	R	
411	q	Name of meeting following jurisdiction name entry element	NR	
411	t	Title of a work	NR	
411	u	Affiliation	NR	
411	v	Volume number/sequential designation 	NR	
411	x	International Standard Serial Number	NR	
411	4	Relator code	R	
411	6	Linkage	NR	
411	8	Field link and sequence number	R	
440	a	Title	NR	
440	n	Number of part/section of a work	R	
440	p	Name of part/section of a work	R	
440	v	Volume number/sequential designation 	NR	
440	w	Bibliographic record control number	R	
440	x	International Standard Serial Number	NR	
440	0	Authority record control number	R	
440	6	Linkage	NR	
440	8	Field link and sequence number	R	
490	a	Series statement	R	
490	l	Library of Congress call number	NR	
490	v	Volume number/sequential designation 	R	
490	x	International Standard Serial Number	R	
490	3	Materials specified	NR	
490	6	Linkage	NR	
490	8	Field link and sequence number	R	
500	a	General note	NR	
500	l	Library of Congress call number		[OBSOLETE]
500	x	International Standard Serial Number		[OBSOLETE]
500	z	Source of note information		[OBSOLETE]
500	3	Materials specified	NR	
500	5	Institution to which field applies	NR	
500	6	Linkage	NR	
500	8	Field link and sequence number	R	
501	a	With note	NR	
501	5	Institution to which field applies	NR	
501	6	Linkage	NR	
501	8	Field link and sequence number	R	
502	a	Dissertation note	NR	
502	b	Degree type	NR	
502	c	Name of granting institution	NR	
502	d	Year of degree granted	NR	
502	g	Miscellaneous information	R	
502	o	Dissertation identifier	R	
502	6	Linkage	NR	
502	8	Field link and sequence number	R	
503	a	Bibliographic history note	NR	
503	6	Linkage	NR	
504	a	Bibliography, etc. note	NR	
504	b	Number of references	NR	
504	6	Linkage	NR	
504	8	Field link and sequence number	R	
505	a	Formatted contents note	NR	
505	g	Miscellaneous information	R	
505	r	Statement of responsibility	R	
505	t	Title	R	
505	u	Uniform Resource Identifier	R	
505	6	Linkage	NR	
505	8	Field link and sequence number	R	
506	a	Terms governing access	NR	
506	b	Jurisdiction	R	
506	c	Physical access provisions	R	
506	d	Authorized users	R	
506	e	Authorization	R	
506	f	Standardized terminology for access restriction	R	
506	u	Uniform Resource Identifier	R	
506	2	Source of term	NR	
506	3	Materials specified	NR	
506	5	Institution to which field applies	NR	
506	6	Linkage	NR	
506	8	Field link and sequence number	R	
507	a	Representative fraction of scale note	NR	
507	b	Remainder of scale note	NR	
507	6	Linkage	NR	
507	8	Field link and sequence number	R	
508	a	Creation/production credits note	NR	
508	6	Linkage	NR	
508	8	Field link and sequence number	R	
510	a	Name of source	NR	
510	b	Coverage of source	NR	
510	c	Location within source	NR	
510	u	Uniform Resource Identifier	R	
510	x	International Standard Serial Number	NR	
510	3	Materials specified	NR	
510	6	Linkage	NR	
510	8	Field link and sequence number	R	
511	a	Participant or performer note	NR	
511	6	Linkage	NR	
511	8	Field link and sequence number	R	
512	a	Earlier or later volumes separately cataloged note	NR	
512	6	Linkage	NR	
513	a	Type of report	NR	
513	b	Period covered	NR	
513	6	Linkage	NR	
513	8	Field link and sequence number	R	
514	a	Attribute accuracy report	NR	
514	b	Attribute accuracy value	R	
514	c	Attribute accuracy explanation	R	
514	d	Logical consistency report	NR	
514	e	Completeness report	NR	
514	f	Horizontal position accuracy report	NR	
514	g	Horizontal position accuracy value	R	
514	h	Horizontal position accuracy explanation	R	
514	i	Vertical positional accuracy report	NR	
514	j	Vertical positional accuracy value	R	
514	k	Vertical positional accuracy explanation	R	
514	m	Cloud cover	NR	
514	u	Uniform Resource Identifier	R	
514	z	Display note	R	
514	6	Linkage	NR	
514	8	Field link and sequence number	R	
515	a	Numbering peculiarities note	NR	
515	z	Source of note information (NR)	NR	[OBSOLETE]
515	6	Linkage	NR	
515	8	Field link and sequence number	R	
516	a	Type of computer file or data note	NR	
516	6	Linkage	NR	
516	8	Field link and sequence number	R	
517	a	Different formats	NR	
517	b	Content descriptors	R	
517	c	Additional animation techniques	R	
518	a	Date/time and place of an event note	NR	
518	d	Date of event	R	
518	o	Other event information	R	
518	p	Place of event	R	
518	0	Record control number	R	
518	2	Source of term	R	
518	3	Materials specified	NR	
518	6	Linkage	NR	
518	8	Field link and sequence number	R	
520	a	Summary, etc. note	NR	
520	b	Expansion of summary note	NR	
520	c	Assigning agency	NR	
520	u	Uniform Resource Identifier	R	
520	z	Source of note information	NR	[OBSOLETE]
520	2	Source	NR	
520	3	Materials specified	NR	
520	6	Linkage	NR	
520	8	Field link and sequence number	R	
521	a	Target audience note	R	
521	b	Source	NR	
521	3	Materials specified	NR	
521	6	Linkage	NR	
521	8	Field link and sequence number	R	
522	a	Geographic coverage note	NR	
522	6	Linkage	NR	
522	8	Field link and sequence number	R	
523	a	Time period of content note	NR	
523	b	Dates of data collection note	NR	
523	6	Linkage	NR	
524	a	Preferred citation of described materials note	NR	
524	2	Source of schema used	NR	
524	3	Materials specified	NR	
524	6	Linkage	NR	
524	8	Field link and sequence number	R	
525	a	Supplement note	NR	
525	z	Source of note information (NR)	NR	[OBSOLETE]
525	6	Linkage	NR	
525	8	Field link and sequence number	R	
526	a	Program name	NR	
526	b	Interest level	NR	
526	c	Reading level	NR	
526	d	Title point value	NR	
526	i	Display text	NR	
526	x	Nonpublic note	R	
526	z	Public note	R	
526	5	Institution to which field applies	NR	
526	6	Linkage	NR	
526	8	Field link and sequence number	R	
527	a	Censorship note	NR	
527	6	Linkage	NR	
530	a	Additional physical form available note	NR	
530	b	Availability source	NR	
530	c	Availability conditions	NR	
530	d	Order number	NR	
530	u	Uniform Resource Identifier	R	
530	z	Source of note information (NR)	NR	[OBSOLETE]
530	3	Materials specified	NR	
530	6	Linkage	NR	
530	8	Field link and sequence number	R	
533	a	Type of reproduction	NR	
533	b	Place of reproduction	R	
533	c	Agency responsible for reproduction	R	
533	d	Date of reproduction	NR	
533	e	Physical description of reproduction	NR	
533	f	Series statement of reproduction	R	
533	m	Dates and/or sequential designation of issues reproduced	R	
533	n	Note about reproduction	R	
533	3	Materials specified	NR	
533	5	Institution to which field applies	NR	
533	6	Linkage	NR	
533	7	Fixed-length data elements of reproduction	NR	
533	8	Field link and sequence number	R	
534	a	Main entry of original	NR	
534	b	Edition statement of original	NR	
534	c	Publication, distribution, etc. of original	NR	
534	e	Physical description, etc. of original	NR	
534	f	Series statement of original	R	
534	k	Key title of original	R	
534	l	Location of original	NR	
534	m	Material specific details	NR	
534	n	Note about original	R	
534	o	Other resource identifier	R	
534	p	Introductory phrase	NR	
534	t	Title statement of original	NR	
534	x	International Standard Serial Number	R	
534	z	International Standard Book Number	R	
534	3	Materials specified	NR	
534	6	Linkage	NR	
534	8	Field link and sequence number	R	
535	a	Custodian	NR	
535	b	Postal address	R	
535	c	Country	R	
535	d	Telecommunications address	R	
535	g	Repository location code	NR	
535	3	Materials specified	NR	
535	6	Linkage	NR	
535	8	Field link and sequence number	R	
536	a	Text of note	NR	
536	b	Contract number	R	
536	c	Grant number	R	
536	d	Undifferentiated number	R	
536	e	Program element number	R	
536	f	Project number	R	
536	g	Task number	R	
536	h	Work unit number	R	
536	6	Linkage	NR	
536	8	Field link and sequence number	R	
537	a	Source of data note	NR	
537	6	Linkage	NR	
538	a	System details note	NR	
538	i	Display text	NR	
538	u	Uniform Resource Identifier	R	
538	3	Materials specified 	NR	
538	5	Institution to which field applies	NR	
538	6	Linkage	NR	
538	8	Field link and sequence number	R	
540	a	Terms governing use and reproduction	NR	
540	b	Jurisdiction	NR	
540	c	Authorization	NR	
540	d	Authorized users	NR	
540	u	Uniform Resource Identifier	R	
540	3	Materials specified	NR	
540	5	Institution to which field applies	NR	
540	6	Linkage	NR	
540	8	Field link and sequence number	R	
541	a	Source of acquisition	NR	
541	b	Address	NR	
541	c	Method of acquisition	NR	
541	d	Date of acquisition	NR	
541	e	Accession number	NR	
541	f	Owner	NR	
541	h	Purchase price	NR	
541	n	Extent	R	
541	o	Type of unit	R	
541	3	Materials specified	NR	
541	5	Institution to which field applies	NR	
541	6	Linkage	NR	
541	8	Field link and sequence number	R	
542	a	Personal creator	NR	
542	b	Personal creator death date	NR	
542	c	Corporate creator	NR	
542	d	Copyright holder	R	
542	e	Copyright holder contact information	R	
542	f	Copyright statement	R	
542	g	Copyright date	NR	
542	h	Copyright renewal date	R	
542	i	Publication date	NR	
542	j	Creation date	NR	
542	k	Publisher	R	
542	l	Copyright status	NR	
542	m	Publication status	NR	
542	n	Note	R	
542	o	Research date	NR	
542	p	Country of publication or creation	R	
542	q	Assigning agency	NR	
542	r	Jurisdiction of copyright assessment	NR	
542	s	Source of information	NR	
542	u	Uniform Resource Identifier	R	
542	3	Materials specified	NR	
542	6	Linkage	NR	
542	8	Field link and sequence number	R	
543	a	Solicitation information note	NR	
543	6	Linkage	NR	
544	a	Custodian	R	
544	b	Address	R	
544	c	Country	R	
544	d	Title	R	
544	e	Provenance	R	
544	n	Note	R	
544	3	Materials specified	NR	
544	6	Linkage	NR	
544	8	Field link and sequence number	R	
545	a	Biographical or historical note	NR	
545	b	Expansion	NR	
545	u	Uniform Resource Identifier	R	
545	6	Linkage	NR	
545	8	Field link and sequence number	R	
546	a	Language note	NR	
546	b	Information code or alphabet	R	
546	z	Source of note information (NR)	NR	[OBSOLETE]
546	3	Materials specified	NR	
546	6	Linkage	NR	
546	8	Field link and sequence number	R	
547	a	Former title complexity note	NR	
547	z	Source of note information (NR)	NR	[OBSOLETE]
547	6	Linkage	NR	
547	8	Field link and sequence number	R	
550	a	Issuing body note	NR	
550	z	Source of note information (NR)	NR	[OBSOLETE]
550	6	Linkage	NR	
550	8	Field link and sequence number	R	
552	a	Entity type label	NR	
552	b	Entity type definition and source	NR	
552	c	Attribute label	NR	
552	d	Attribute definition and source	NR	
552	e	Enumerated domain value	R	
552	f	Enumerated domain value definition and source	R	
552	g	Range domain minimum and maximum	NR	
552	h	Codeset name and source	NR	
552	i	Unrepresentable domain	NR	
552	j	Attribute units of measurement and resolution	NR	
552	k	Beginning date and ending date of attribute values	NR	
552	l	Attribute value accuracy	NR	
552	m	Attribute value accuracy explanation	NR	
552	n	Attribute measurement frequency	NR	
552	o	Entity and attribute overview	R	
552	p	Entity and attribute detail citation	R	
552	u	Uniform Resource Identifier	R	
552	z	Display note	R	
552	6	Linkage	NR	
552	8	Field link and sequence number	R	
555	a	Cumulative index/finding aids note	NR	
555	b	Availability source	R	
555	c	Degree of control	NR	
555	d	Bibliographic reference	NR	
555	u	Uniform Resource Identifier	R	
555	3	Materials specified	NR	
555	6	Linkage	NR	
555	8	Field link and sequence number	R	
556	a	Information about documentation note	NR	
556	z	International Standard Book Number	R	
556	6	Linkage	NR	
556	8	Field link and sequence number	R	
561	a	History	NR	
561	b	Time of collation	NR	[OBSOLETE]
561	u	Uniform Resource Identifier	R	
561	3	Materials specified	NR	
561	5	Institution to which field applies	NR	
561	6	Linkage	NR	
561	8	Field link and sequence number	R	
562	a	Identifying markings	R	
562	b	Copy identification	R	
562	c	Version identification	R	
562	d	Presentation format	R	
562	e	Number of copies	R	
562	3	Materials specified	NR	
562	5	Institution to which field applies	NR	
562	6	Linkage	NR	
562	8	Field link and sequence number	R	
563	a	Binding note	NR	
563	u	Uniform Resource Identifier	R	
563	3	Materials specified	NR	
563	5	Institution to which field applies	NR	
563	6	Linkage	NR	
563	8	Field link and sequence number	R	
565	a	Number of cases/variables	NR	
565	b	Name of variable	R	
565	c	Unit of analysis	R	
565	d	Universe of data	R	
565	e	Filing scheme or code	R	
565	3	Materials specified	NR	
565	6	Linkage	NR	
565	8	Field link and sequence number	R	
567	a	Methodology note	NR	
567	6	Linkage	NR	
567	8	Field link and sequence number	R	
570	a	Editor note	NR	
570	z	Source of note information	NR	
570	6	Linkage	NR	
580	a	Linking entry complexity note	NR	
580	z	Source of note information	NR	[OBSOLETE]
580	6	Linkage	NR	
580	8	Field link and sequence number	R	
581	a	Publications about described materials note	NR	
581	z	International Standard Book Number	R	
581	3	Materials specified	NR	
581	6	Linkage	NR	
581	8	Field link and sequence number	R	
582	a	Related computer files note	NR	
582	6	Linkage	NR	
583	a	Action	NR	
583	b	Action identification	R	
583	c	Time/date of action	R	
583	d	Action interval	R	
583	e	Contingency for action	R	
583	f	Authorization	R	
583	h	Jurisdiction	R	
583	i	Method of action	R	
583	j	Site of action	R	
583	k	Action agent	R	
583	l	Status	R	
583	n	Extent	R	
583	o	Type of unit	R	
583	u	Uniform Resource Identifier	R	
583	x	Nonpublic note	R	
583	z	Public note	R	
583	2	Source of term	NR	
583	3	Materials specified	NR	
583	5	Institution to which field applies	NR	
583	6	Linkage	NR	
583	8	Field link and sequence number	R	
584	a	Accumulation	R	
584	b	Frequency of use	R	
584	3	Materials specified	NR	
584	5	Institution to which field applies	NR	
584	6	Linkage	NR	
584	8	Field link and sequence number	R	
590	a	Exhibitions note	NR	
590	3	Materials specified	NR	
590	5	Institution to which field applies	NR	
590	6	Linkage	NR	
590	8	Field link and sequence number	R	
590	a	Awards note	NR	
590	3	Materials specified	NR	
590	6	Linkage	NR	
590	8	Field link and sequence number	R	
590	a	Source of description note	NR	
590	5	Institution to which field applies	NR	
590	6	Linkage	NR	
590	8	Field link and sequence number	R	
590	a	Local note	NR	
590	a	Receipt date	NR	
590	b	Provenance	NR	
590	d	Condition of individual reels	NR	
590	d	Origin of safety copy	NR	
600	a	Personal name	NR	
600	b	Numeration	NR	
600	c	Titles and other words associated with a name	R	
600	d	Dates associated with a name	NR	
600	e	Relator term	R	
600	f	Date of a work	NR	
600	g	Miscellaneous information	R	
600	h	Medium	NR	
600	j	Attribution qualifier	R	
600	k	Form subheading	R	
600	l	Language of a work	NR	
600	m	Medium of performance for music	R	
600	n	Number of part/section of a work	R	
600	o	Arranged statement for music	NR	
600	p	Name of part/section of a work	R	
600	q	Fuller form of name	NR	
600	r	Key for music	NR	
600	s	Version	NR	
600	t	Title of a work	NR	
600	u	Affiliation	NR	
600	v	Form subdivision	R	
600	x	General subdivision	R	
600	y	Chronological subdivision	R	
600	z	Geographic subdivision	R	
600	0	Authority record control number or standard number	R	
600	2	Source of heading or term	NR	
600	3	Materials specified	NR	
600	4	Relator code	R	
600	6	Linkage	NR	
600	8	Field link and sequence number	R	
610	a	Corporate name or jurisdiction name as entry element	NR	
610	b	Subordinate unit	R	
610	c	Location of meeting	R	
610	d	Date of meeting or treaty signing	R	
610	e	Relator term	R	
610	f	Date of a work	NR	
610	g	Miscellaneous information	R	
610	h	Medium	NR	
610	k	Form subheading	R	
610	l	Language of a work	NR	
610	m	Medium of performance for music	R	
610	n	Number of part/section/meeting	R	
610	o	Arranged statement for music	NR	
610	p	Name of part/section of a work	R	
610	r	Key for music	NR	
610	s	Version	NR	
610	t	Title of a work	NR	
610	u	Affiliation	NR	
610	v	Form subdivision	R	
610	x	General subdivision	R	
610	y	Chronological subdivision	R	
610	z	Geographic subdivision	R	
610	0	Authority record control number or standard number	R	
610	2	Source of heading or term	NR	
610	3	Materials specified	NR	
610	4	Relator code	R	
610	6	Linkage	NR	
610	8	Field link and sequence number	R	
611	a	Meeting name or jurisdiction name as entry element	NR	
611	b	Number		[OBSOLETE]
611	c	Location of meeting	R	
611	d	Date of meeting	NR	
611	e	Subordinate unit	R	
611	f	Date of a work	NR	
611	g	Miscellaneous information	R	
611	h	Medium	NR	
611	j	Relator term	R	
611	k	Form subheading	R	
611	l	Language of a work	NR	
611	n	Number of part/section/meeting	R	
611	p	Name of part/section of a work	R	
611	q	Name of meeting following jurisdiction name entry element	NR	
611	s	Version	NR	
611	t	Title of a work	NR	
611	u	Affiliation	NR	
611	v	Form subdivision	R	
611	x	General subdivision	R	
611	y	Chronological subdivision	R	
611	z	Geographic subdivision	R	
611	0	Authority record control number or standard number	R	
611	2	Source of heading or term	NR	
611	3	Materials specified	NR	
611	4	Relator code	R	
611	6	Linkage	NR	
611	8	Field link and sequence number	R	
630	a	Uniform title	NR	
630	d	Date of treaty signing	R	
630	e	Relator term	R	
630	f	Date of a work	NR	
630	g	Miscellaneous information	R	
630	h	Medium	NR	
630	k	Form subheading	R	
630	l	Language of a work	NR	
630	m	Medium of performance for music	R	
630	n	Number of part/section of a work	R	
630	o	Arranged statement for music	NR	
630	p	Name of part/section of a work	R	
630	r	Key for music	NR	
630	s	Version	NR	
630	t	Title of a work	NR	
630	v	Form subdivision	R	
630	x	General subdivision	R	
630	y	Chronological subdivision	R	
630	z	Geographic subdivision	R	
630	0	Authority record control number or standard number	R	
630	2	Source of heading or term	NR	
630	3	Materials specified	NR	
630	4	Relator code	R	
630	6	Linkage	NR	
630	8	Field link and sequence number	R	
647	a	Named event	NR	
647	c	Location of named event	R	
647	d	Date of named event	NR	
647	g	Miscellaneous information	R	
647	v	Form subdivision	R	
647	x	General subdivision	R	
647	y	Chronological subdivision	R	
647	z	Geographic subdivision	R	
647	0	Authority record control number or standard number	R	
647	2	Source of heading or term	NR	
647	3	Materials specified	NR	
647	6	Linkage	NR	
647	8	Field link and sequence number	R	
648	a	Chronological term	NR	
648	v	Form subdivision	R	
648	x	General subdivision	R	
648	y	Chronological subdivision	R	
648	z	Geographic subdivision	R	
648	0	Authority record control number or standard number	R	
648	2	Source of heading or term	NR	
648	3	Materials specified	NR	
648	6	Linkage	NR	
648	8	Field link and sequence number	R	
650	a	Topical term or geographic name as entry element	NR	
650	b	Topical term following geographic name as entry element	NR	
650	c	Location of event	NR	
650	d	Active dates	NR	
650	e	Relator term	NR	
650	g	Miscellaneous information	R	
650	v	Form subdivision	R	
650	x	General subdivision	R	
650	y	Chronological subdivision	R	
650	z	Geographic subdivision	R	
650	0	Authority record control number or standard number	R	
650	2	Source of heading or term	NR	
650	3	Materials specified	NR	
650	4	Relator code	R	
650	6	Linkage	NR	
650	8	Field link and sequence number	R	
651	a	Geographic name	NR	
651	b	Geographic name following place entry element	R	[OBSOLETE]
651	e	Relator term	R	
651	g	Miscellaneous information	R	
651	v	Form subdivision	R	
651	x	General subdivision	R	
651	y	Chronological subdivision	R	
651	z	Geographic subdivision	R	
651	0	Authority record control number or standard number	R	
651	2	Source of heading or term	NR	
651	3	Materials specified	NR	
651	4	Relator code	R	
651	6	Linkage	NR	
651	8	Field link and sequence number	R	
652	a	Geographic name of place element	NR	
652	x	General subdivision	R	
652	y	Chronological subdivision	R	
652	z	Geographic subdivision	R	
653	a	Uncontrolled term	R	
653	6	Linkage	NR	
653	8	Field link and sequence number	R	
654	a	Focus term	R	
654	b	Non-focus term	R	
654	c	Facet/hierarchy designation	R	
654	e	Relator term	R	
654	v	Form subdivision	R	
654	y	Chronological subdivision	R	
654	z	Geographic subdivision	R	
654	0	Authority record control number	R	
654	2	Source of heading or term	NR	
654	3	Materials specified	NR	
654	4	Relator code	R	
654	6	Linkage	NR	
654	8	Field link and sequence number	R	
655	a	Genre/form data or focus term	NR	
655	b	Non-focus term	R	
655	c	Facet/hierarchy designation	R	
655	v	Form subdivision	R	
655	x	General subdivision	R	
655	y	Chronological subdivision	R	
655	z	Geographic subdivision	R	
655	0	Authority record control number	R	
655	2	Source of term	NR	
655	3	Materials specified	NR	
655	5	Institution to which field applies	NR	
655	6	Linkage	NR	
655	8	Field link and sequence number	R	
656	a	Occupation	NR	
656	k	Form	NR	
656	v	Form subdivision	R	
656	x	General subdivision	R	
656	y	Chronological subdivision	R	
656	z	Geographic subdivision	R	
656	0	Authority record control number	R	
656	2	Source of term	NR	
656	3	Materials specified	NR	
656	6	Linkage	NR	
656	8	Field link and sequence number	R	
657	a	Function	NR	
657	v	Form subdivision	R	
657	x	General subdivision	R	
657	y	Chronological subdivision	R	
657	z	Geographic subdivision	R	
657	0	Authority record control number	R	
657	2	Source of term	NR	
657	3	Materials specified	NR	
657	6	Linkage	NR	
657	8	Field link and sequence number	R	
658	a	Main curriculum objective	NR	
658	b	Subordinate curriculum objective	R	
658	c	Curriculum code	NR	
658	d	Correlation factor	NR	
658	2	Source of term or code	NR	
658	6	Linkage	NR	
658	8	Field link and sequence number	R	
662	a	Country or larger entity	R	
662	b	First-order political jurisdiction	NR	
662	c	Intermediate political jurisdiction	R	
662	d	City	NR	
662	e	Relator term	R	
662	f	City subsection	R	
662	g	Other nonjurisdictional geographic region and feature	R	
662	h	Extraterrestrial area	R	
662	0	Authority record control number	R	
662	2	Source of heading or term	NR	
662	4	Relator code	R	
662	6	Linkage	NR	
662	8	Field link and sequence number	R	
700	a	Personal name	NR	
700	b	Numeration	NR	
700	c	Titles and other words associated with a name	R	
700	d	Dates associated with a name	NR	
700	e	Relator term	R	
700	f	Date of a work	NR	
700	g	Miscellaneous information	R	
700	h	Medium	NR	
700	i	Relationship information	R	
700	j	Attribution qualifier	R	
700	k	Form subheading	R	
700	l	Language of a work	NR	
700	m	Medium of performance for music	R	
700	n	Number of part/section of a work	R	
700	o	Arranged statement for music	NR	
700	p	Name of part/section of a work	R	
700	q	Fuller form of name	NR	
700	r	Key for music	NR	
700	s	Version	NR	
700	t	Title of a work	NR	
700	u	Affiliation	NR	
700	x	International Standard Serial Number	NR	
700	0	Authority record control number or standard number	R	
700	3	Materials specified	NR	
700	4	Relator code	R	
700	5	Institution to which field applies	NR	
700	6	Linkage	NR	
700	8	Field link and sequence number	R	
705	a	Personal name	NR	
705	b	Numeration	NR	
705	c	Titles and other words associated with a name	R	
705	d	Dates associated with a name	NR	
705	e	Relator term	R	
705	f	Date of a work	NR	
705	g	Miscellaneous information	R	
705	h	Medium	NR	
705	k	Form subheading	R	
705	l	Language of a work	NR	
705	m	Medium of performance for music	R	
705	n	Number of part/section of a work	R	
705	o	Arranged statement for music	NR	
705	p	Name of part/section of a work	R	
705	r	Key for music	NR	
705	s	Version	NR	
705	t	Title of a work	NR	
710	a	Corporate name or jurisdiction name as entry element	NR	
710	b	Subordinate unit	R	
710	c	Location of meeting	R	
710	d	Date of meeting or treaty signing	R	
710	e	Relator term	R	
710	f	Date of a work	NR	
710	g	Miscellaneous information	R	
710	h	Medium	NR	
710	i	Relationship information	R	
710	k	Form subheading	R	
710	l	Language of a work	NR	
710	m	Medium of performance for music	R	
710	n	Number of part/section/meeting	R	
710	o	Arranged statement for music	NR	
710	p	Name of part/section of a work	R	
710	r	Key for music	NR	
710	s	Version	NR	
710	t	Title of a work	NR	
710	u	Affiliation	NR	
710	x	International Standard Serial Number	NR	
710	0	Authority record control number or standard number	R	
710	3	Materials specified	NR	
710	4	Relator code	R	
710	5	Institution to which field applies	NR	
710	6	Linkage	NR	
710	8	Field link and sequence number	R	
711	a	Meeting name or jurisdiction name as entry element	NR	
711	b	Number		[OBSOLETE]
711	c	Location of meeting	R	
711	d	Date of meeting	NR	
711	e	Subordinate unit	R	
711	f	Date of a work	NR	
711	g	Miscellaneous information	R	
711	h	Medium	NR	
711	i	Relationship information	R	
711	j	Relator term	R	
711	k	Form subheading	R	
711	l	Language of a work	NR	
711	n	Number of part/section/meeting	R	
711	p	Name of part/section of a work	R	
711	q	Name of meeting following jurisdiction name entry element	NR	
711	s	Version	NR	
711	t	Title of a work	NR	
711	u	Affiliation	NR	
711	x	International Standard Serial Number	NR	
711	0	Authority record control number or standard number	R	
711	3	Materials specified	NR	
711	4	Relator code	R	
711	5	Institution to which field applies	NR	
711	6	Linkage	NR	
711	8	Field link and sequence number	R	
715	a	Corporate name or jurisdiction name	NR	
715	b	Subordinate unit	R	
715	e	Relator term	R	
715	f	Date of a work	NR	
715	g	Miscellaneous information	R	
715	h	Medium	NR	
715	k	Form subheading	R	
715	l	Language of a work	NR	
715	m	Medium of performance for music	R	
715	n	Number of part/section/meeting	R	
715	o	Arranged statement for music	NR	
715	p	Name of part/section of a work	R	
715	r	Key for music	NR	
715	s	Version	NR	
715	t	Title of a work	NR	
715	u	Nonprinting information	NR	
720	a	Name	NR	
720	e	Relator term	R	
720	4	Relator code	R	
720	6	Linkage	NR	
720	8	Field link and sequence number	R	
730	a	Uniform title	NR	
730	d	Date of treaty signing	R	
730	f	Date of a work	NR	
730	g	Miscellaneous information	R	
730	h	Medium	NR	
730	i	Relationship information	R	
730	k	Form subheading	R	
730	l	Language of a work	NR	
730	m	Medium of performance for music	R	
730	n	Number of part/section of a work	R	
730	o	Arranged statement for music	NR	
730	p	Name of part/section of a work	R	
730	r	Key for music	NR	
730	s	Version	NR	
730	t	Title of a work	NR	
730	x	International Standard Serial Number	NR	
730	0	Authority record control number or standard number	R	
730	3	Materials specified	NR	
730	5	Institution to which field applies	NR	
730	6	Linkage	NR	
730	8	Field link and sequence number	R	
740	a	Uncontrolled related/analytical title	NR	
740	h	Medium	NR	
740	n	Number of part/section of a work	R	
740	p	Name of part/section of a work	R	
740	5	Institution to which field applies	NR	
740	6	Linkage	NR	
740	8	Field link and sequence number	R	
751	a	Geographic name	NR	
751	e	Relator term	R	
751	0	Authority record control number	R	
751	2	Source of heading or term	NR	
751	3	Materials specified	NR	
751	4	Relator code	R	
751	6	Linkage	NR	
751	8	Field link and sequence number	R	
752	a	Country or larger entity	R	
752	b	First-order political jurisdiction	NR	
752	c	Intermediate political jurisdiction	R	
752	d	City	NR	
752	e	Relator term	R	
752	f	City subsection	R	
752	g	Other nonjurisdictional geographic region and feature	R	
752	h	Extraterrestrial area	R	
752	0	Authority record control number	R	
752	2	Source of heading or term	NR	
752	4	Relator code	R	
752	6	Linkage	NR	
752	8	Field link and sequence number	R	
753	a	Make and model of machine	NR	
753	b	Programming language	NR	
753	c	Operating system	NR	
753	0	Authority record control number or standard number	R	
753	2	Source of term	NR	
753	6	Linkage	NR	
753	8	Field link and sequence number	R	
754	a	Taxonomic name	R	
754	c	Taxonomic category	R	
754	d	Common or alternative name	R	
754	x	Non-public note	R	
754	z	Public note	R	
754	0	Authority record control number	R	
754	2	Source of taxonomic identification	NR	
754	6	Linkage	NR	
754	8	Field link and sequence number	R	
755	a	Access term	NR	
755	x	General subdivision	R	
755	y	Chronological subdivision	R	
755	z	Geographic subdivision	R	
755	2	Source of term	NR	
755	3	Materials specified	NR	
755	6	Linkage	NR	
755	8	Field link and sequence number	R	
760	a	Main entry heading	NR	
760	b	Edition	NR	
760	c	Qualifying information	NR	
760	d	Place, publisher, and date of publication	NR	
760	g	Related parts	R	
760	h	Physical description	NR	
760	i	Relationship information	R	
760	m	Material-specific details	NR	
760	n	Note	R	
760	o	Other item identifier	R	
760	q	Parallel title (NR)	NR	[OBSOLETE]
760	s	Uniform title	NR	
760	t	Title	NR	
760	w	Record control number	R	
760	x	International Standard Serial Number	NR	
760	y	CODEN designation	NR	
760	4	Relationship code	R	
760	6	Linkage	NR	
760	7	Control subfield	NR	
760	8	Field link and sequence number	R	
762	a	Main entry heading	NR	
762	b	Edition	NR	
762	c	Qualifying information	NR	
762	d	Place, publisher, and date of publication	NR	
762	g	Related parts	R	
762	h	Physical description	NR	
762	i	Relationship information	R	
762	m	Material-specific details	NR	
762	n	Note	R	
762	o	Other item identifier	R	
762	q	Parallel title (NR)	NR	[OBSOLETE]
762	s	Uniform title	NR	
762	t	Title	NR	
762	w	Record control number	R	
762	x	International Standard Serial Number	NR	
762	y	CODEN designation	NR	
762	4	Relationship code	R	
762	6	Linkage	NR	
762	7	Control subfield	NR	
762	8	Field link and sequence number	R	
765	a	Main entry heading	NR	
765	b	Edition	NR	
765	c	Qualifying information	NR	
765	d	Place, publisher, and date of publication	NR	
765	g	Related parts	R	
765	h	Physical description	NR	
765	i	Relationship information	R	
765	k	Series data for related item	R	
765	m	Material-specific details	NR	
765	n	Note	R	
765	o	Other item identifier	R	
765	q	Parallel title (NR)	NR	[OBSOLETE]
765	r	Report number	R	
765	s	Uniform title	NR	
765	t	Title	NR	
765	u	Standard Technical Report Number	NR	
765	w	Record control number	R	
765	x	International Standard Serial Number	NR	
765	y	CODEN designation	NR	
765	z	International Standard Book Number	R	
765	4	Relationship code	R	
765	6	Linkage	NR	
765	7	Control subfield	NR	
765	8	Field link and sequence number	R	
767	a	Main entry heading	NR	
767	b	Edition	NR	
767	c	Qualifying information	NR	
767	d	Place, publisher, and date of publication	NR	
767	g	Related parts	R	
767	h	Physical description	NR	
767	i	Relationship information	R	
767	k	Series data for related item	R	
767	m	Material-specific details	NR	
767	n	Note	R	
767	o	Other item identifier	R	
767	q	Parallel title (NR)	NR	[OBSOLETE]
767	r	Report number	R	
767	s	Uniform title	NR	
767	t	Title	NR	
767	u	Standard Technical Report Number	NR	
767	w	Record control number	R	
767	x	International Standard Serial Number	NR	
767	y	CODEN designation	NR	
767	z	International Standard Book Number	R	
767	4	Relationship code	R	
767	6	Linkage	NR	
767	7	Control subfield	NR	
767	8	Field link and sequence number	R	
770	a	Main entry heading	NR	
770	b	Edition	NR	
770	c	Qualifying information	NR	
770	d	Place, publisher, and date of publication	NR	
770	g	Related parts	R	
770	h	Physical description	NR	
770	i	Relationship information	R	
770	k	Series data for related item	R	
770	m	Material-specific details	NR	
770	n	Note	R	
770	o	Other item identifier	R	
770	q	Parallel title (NR)	NR	[OBSOLETE]
770	r	Report number	R	
770	s	Uniform title	NR	
770	t	Title	NR	
770	u	Standard Technical Report Number	NR	
770	w	Record control number	R	
770	x	International Standard Serial Number	NR	
770	y	CODEN designation	NR	
770	z	International Standard Book Number	R	
770	4	Relationship code	R	
770	6	Linkage	NR	
770	7	Control subfield	NR	
770	8	Field link and sequence number	R	
772	a	Main entry heading	NR	
772	b	Edition	NR	
772	c	Qualifying information	NR	
772	d	Place, publisher, and date of publication	NR	
772	g	Related parts	R	
772	h	Physical description	NR	
772	i	Relationship information	R	
772	k	Series data for related item	R	
772	m	Material-specific details	NR	
772	n	Note	R	
772	o	Other item identifier	R	
772	q	Parallel title (NR)	NR	[OBSOLETE]
772	r	Report number	R	
772	s	Uniform title	NR	
772	t	Title	NR	
772	u	Standard Technical Report Number	NR	
772	w	Record control number	R	
772	x	International Standard Serial Number	NR	
772	y	CODEN designation	NR	
772	z	International Stan dard Book Number	R	
772	4	Relationship code	R	
772	6	Linkage	NR	
772	7	Control subfield	NR	
772	8	Field link and sequence number	R	
773	a	Main entry heading	NR	
773	b	Edition	NR	
773	d	Place, publisher, and date of publication	NR	
773	g	Related parts	R	
773	h	Physical description	NR	
773	i	Relationship information	R	
773	k	Series data for related item	R	
773	m	Material-specific details	NR	
773	n	Note	R	
773	o	Other item identifier	R	
773	p	Abbreviated title	NR	
773	q	Enumeration and first page	NR	
773	r	Report number	R	
773	s	Uniform title	NR	
773	t	Title	NR	
773	u	Standard Technical Report Number	NR	
773	w	Record control number	R	
773	x	International Standard Serial Number	NR	
773	y	CODEN designation	NR	
773	z	International Standard Book Number	R	
773	3	Materials specified	NR	
773	4	Relationship code	R	
773	6	Linkage	NR	
773	7	Control subfield	NR	
773	8	Field link and sequence number	R	
774	a	Main entry heading	NR	
774	b	Edition	NR	
774	c	Qualifying information	NR	
774	d	Place, publisher, and date of publication	NR	
774	g	Related parts	R	
774	h	Physical description	NR	
774	i	Relationship information	R	
774	k	Series data for related item	R	
774	m	Material-specific details	NR	
774	n	Note	R	
774	o	Other item identifier	R	
774	r	Report number	R	
774	s	Uniform title	NR	
774	t	Title	NR	
774	u	Standard Technical Report Number	NR	
774	w	Record control number	R	
774	x	International Standard Serial Number	NR	
774	y	CODEN designation	NR	
774	z	International Standard Book Number	R	
774	4	Relationship code	R	
774	6	Linkage	NR	
774	7	Control subfield	NR	
774	8	Field link and sequence number	R	
775	a	Main entry heading	NR	
775	b	Edition	NR	
775	c	Qualifying information	NR	
775	d	Place, publisher, and date of publication	NR	
775	e	Language code	NR	
775	f	Country code	NR	
775	g	Related parts	R	
775	h	Physical description	NR	
775	i	Relationship information	R	
775	k	Series data for related item	R	
775	m	Material-specific details	NR	
775	n	Note	R	
775	o	Other item identifier	R	
775	q	Parallel title (NR)	NR	[OBSOLETE]
775	r	Report number	R	
775	s	Uniform title	NR	
775	t	Title	NR	
775	u	Standard Technical Report Number	NR	
775	w	Record control number	R	
775	x	International Standard Serial Number	NR	
775	y	CODEN designation	NR	
775	z	International Standard Book Number	R	
775	4	Relationship code	R	
775	6	Linkage	NR	
775	7	Control subfield	NR	
775	8	Field link and sequence number	R	
776	a	Main entry heading	NR	
776	b	Edition	NR	
776	c	Qualifying information	NR	
776	d	Place, publisher, and date of publication	NR	
776	g	Related parts	R	
776	h	Physical description	NR	
776	i	Relationship information	R	
776	k	Series data for related item	R	
776	m	Material-specific details	NR	
776	n	Note	R	
776	o	Other item identifier	R	
776	q	Parallel title (NR)	NR	[OBSOLETE]
776	r	Report number	R	
776	s	Uniform title	NR	
776	t	Title	NR	
776	u	Standard Technical Report Number	NR	
776	w	Record control number	R	
776	x	International Standard Serial Number	NR	
776	y	CODEN designation	NR	
776	z	International Standard Book Number	R	
776	4	Relationship code	R	
776	6	Linkage	NR	
776	7	Control subfield	NR	
776	8	Field link and sequence number	R	
777	a	Main entry heading	NR	
777	b	Edition	NR	
777	c	Qualifying information	NR	
777	d	Place, publisher, and date of publication	NR	
777	g	Related parts	R	
777	h	Physical description	NR	
777	i	Relationship information	R	
777	k	Series data for related item	R	
777	m	Material-specific details	NR	
777	n	Note	R	
777	o	Other item identifier	R	
777	q	Parallel title (NR)	NR	[OBSOLETE]
777	s	Uniform title	NR	
777	t	Title	NR	
777	w	Record control number	R	
777	x	International Standard Serial Number	NR	
777	y	CODEN designation	NR	
777	4	Relationship code	R	
777	6	Linkage	NR	
777	7	Control subfield	NR	
777	8	Field link and sequence number	R	
780	a	Main entry heading	NR	
780	b	Edition	NR	
780	c	Qualifying information	NR	
780	d	Place, publisher, and date of publication	NR	
780	g	Related parts	R	
780	h	Physical description	NR	
780	i	Relationship information	R	
780	k	Series data for related item	R	
780	m	Material-specific details	NR	
780	n	Note	R	
780	o	Other item identifier	R	
780	q	Parallel title (NR)	NR	[OBSOLETE]
780	r	Report number	R	
780	s	Uniform title	NR	
780	t	Title	NR	
780	u	Standard Technical Report Number	NR	
780	w	Record control number	R	
780	x	International Standard Serial Number	NR	
780	y	CODEN designation	NR	
780	z	International Standard Book Number	R	
780	4	Relationship code	R	
780	6	Linkage	NR	
780	7	Control subfield	NR	
780	8	Field link and sequence number	R	
785	a	Main entry heading	NR	
785	b	Edition	NR	
785	c	Qualifying information	NR	
785	d	Place, publisher, and date of publication	NR	
785	g	Related parts	R	
785	h	Physical description	NR	
785	i	Relationship information	R	
785	k	Series data for related item	R	
785	m	Material-specific details	NR	
785	n	Note	R	
785	o	Other item identifier	R	
785	q	Parallel title (NR)	NR	[OBSOLETE]
785	r	Report number	R	
785	s	Uniform title	NR	
785	t	Title	NR	
785	u	Standa rd Technical Report Number	NR	
785	w	Record control number	R	
785	x	International Standard Serial Number	NR	
785	y	CODEN designation	NR	
785	z	International Standard Book Number	R	
785	4	Relationship code	R	
785	6	Linkage	NR	
785	7	Control subfield	NR	
785	8	Field link and sequence number	R	
786	a	Main entry heading	NR	
786	b	Edition	NR	
786	c	Qualifying information	NR	
786	d	Place, publisher, and date of publication	NR	
786	g	Related parts	R	
786	h	Physical description	NR	
786	i	Relationship information	R	
786	j	Period of content	NR	
786	k	Series data for related item	R	
786	m	Material-specific details	NR	
786	n	Note	R	
786	o	Other item identifier	R	
786	p	Abbreviated title	NR	
786	r	Report number	R	
786	s	Uniform title	NR	
786	t	Title	NR	
786	u	Standard Technical Report Number	NR	
786	v	Source Contribution	NR	
786	w	Record control number	R	
786	x	International Standard Serial Number	NR	
786	y	CODEN designation	NR	
786	z	International Standard Book Number	R	
786	4	Relationship code	R	
786	6	Linkage	NR	
786	7	Control subfield	NR	
786	8	Field link and sequence number	R	
787	a	Main entry heading	NR	
787	b	Edition	NR	
787	c	Qualifying information	NR	
787	d	Place, publisher, and date of publication	NR	
787	g	Related parts	R	
787	h	Physical description	NR	
787	i	Relationship information	R	
787	k	Series data for related item	R	
787	m	Material-specific details	NR	
787	n	Note	R	
787	o	Other item identifier	R	
787	r	Report number	R	
787	s	Uniform title	NR	
787	t	Title	NR	
787	u	Standard Technical Report Number	NR	
787	w	Record control number	R	
787	x	International Standard Serial Number	NR	
787	y	CODEN designation	NR	
787	z	International Standard Book Number	R	
787	4	Relationship code	R	
787	6	Linkage	NR	
787	7	Control subfield	NR	
787	8	Field link and sequence number	R	
800	a	Personal name	NR	
800	b	Numeration	NR	
800	c	Titles and other words associated with a name	R	
800	d	Dates associated with a name	NR	
800	e	Relator term	R	
800	f	Date of a work	NR	
800	g	Miscellaneous information	R	
800	h	Medium	NR	
800	j	Attribution qualifier	R	
800	k	Form subheading	R	
800	l	Language of a work	NR	
800	m	Medium of performance for music	R	
800	n	Number of part/section of a work 	R	
800	o	Arranged statement for music	NR	
800	p	Name of part/section of a work	R	
800	q	Fuller form of name	NR	
800	r	Key for music	NR	
800	s	Version	NR	
800	t	Title of a work	NR	
800	u	Affiliation	NR	
800	v	Volume/sequential designation 	NR	
800	w	Bibliographic record control number	R	
800	x	International Standard Serial Number	NR	
800	0	Authority record control number or standard number	R	
800	3	Materials specified	NR	
800	4	Relator code	R	
800	5	Institution to which field applies	R	
800	6	Linkage	NR	
800	7	Control subfield	NR	
800	8	Field link and sequence number	R	
810	a	Corporate name or jurisdiction name as entry element	NR	
810	b	Subordinate unit	R	
810	c	Location of meeting	R	
810	d	Date of meeting or treaty signing	R	
810	e	Relator term	R	
810	f	Date of a work	NR	
810	g	Miscellaneous information	R	
810	h	Medium	NR	
810	k	Form subheading	R	
810	l	Language of a work	NR	
810	m	Medium of performance for music	R	
810	n	Number of part/section/meeting	R	
810	o	Arranged statement for music	NR	
810	p	Name of part/section of a work	R	
810	r	Key for music	NR	
810	s	Version	NR	
810	t	Title of a work	NR	
810	u	Affiliation	NR	
810	v	Volume/sequential designation	NR	
810	w	Bibliographic record control number	R	
810	x	International Standard Serial Number	NR	
810	0	Authority record control number or standard number	R	
810	3	Materials specified	NR	
810	4	Relator code	R	
810	5	Institution to which field applies	R	
810	6	Linkage	NR	
810	7	Control subfield	NR	
810	8	Field link and sequence number	R	
811	a	Meeting name or jurisdiction name as entry element	NR	
811	c	Location of meeting	R	
811	d	Date of meeting	NR	
811	e	Subordinate unit	R	
811	f	Date of a work	NR	
811	g	Miscellaneous information	R	
811	h	Medium	NR	
811	j	Relator term	R	
811	k	Form subheading	R	
811	l	Language of a work	NR	
811	n	Number of part/section/meeting	R	
811	p	Name of part/section of a work	R	
811	q	Name of meeting following jurisdiction name entry element	NR	
811	s	Version	NR	
811	t	Title of a work	NR	
811	u	Affiliation	NR	
811	v	Volume/sequential designation	NR	
811	w	Bibliographic record control number	R	
811	x	International Standard Serial Number	NR	
811	0	Authority record control number or standard number	R	
811	3	Materials specified	NR	
811	4	Relator code	R	
811	5	Institution to which field applies	R	
811	6	Linkage	NR	
811	7	Control subfield	NR	
811	8	Field link and sequence number	R	
830	a	Uniform title	NR	
830	d	Date of treaty signing	R	
830	f	Date of a work	NR	
830	g	Miscellaneous information	R	
830	h	Medium	NR	
830	k	Form subheading	R	
830	l	Language of a work	NR	
830	m	Medium of performance for music	R	
830	n	Number of part/section of a work	R	
830	o	Arranged statement for music	NR	
830	p	Name of part/section of a work	R	
830	r	Key for music	NR	
830	s	Version	NR	
830	t	Title of a work	NR	
830	v	Volume/sequential designation	NR	
830	w	Bibliographic record control number	R	
830	x	International Standard Serial Number	NR	
830	0	Authority record control number or standard number	R	
830	3	Materials specified	NR	
830	5	Institution to which field applies	R	
830	6	Linkage	NR	
830	7	Control subfield	NR	
830	8	Field link and sequence number	R	
840	a	Title	NR	
840	h	Medium	NR	
840	v	Volume/sequential designation	NR	
850	a	Holding institution	R	
850	b	Holdings (NR)	NR	[OBSOLETE]
850	d	Inclusive dates (NR)	NR	[OBSOLETE]
850	e	Retention statement (NR)	NR	[OBSOLETE]
850	8	Field link and sequence number	R	
851	a	Name (custodian or owner)	NR	
851	b	Institutional division	NR	
851	c	Street address	NR	
851	d	Country	NR	
851	e	Location of units	NR	
851	f	Item number	NR	
851	g	Repository location code	NR	
851	3	Materials specified	NR	
851	6	Linkage	NR	
852	a	Location	NR	
852	b	Sublocation or collection	R	
852	c	Shelving location	R	
852	d	Former shelving location	R	
852	e	Address	R	
852	f	Coded location qualifier	R	
852	g	Non-coded location qualifier	R	
852	h	Classification part	NR	
852	i	Item part	R	
852	j	Shelving control number	NR	
852	k	Call number prefix	R	
852	l	Shelving form of title	NR	
852	m	Call number suffix	R	
852	n	Country code	NR	
852	p	Piece designation	NR	
852	q	Piece physical condition	NR	
852	s	Copyright article-fee code	R	
852	t	Copy number	NR	
852	u	Uniform Resource Identifier 	R	
852	x	Nonpublic note	R	
852	z	Public note	R	
852	2	Source of classification or shelving scheme	NR	
852	3	Materials specified	NR	
852	6	Linkage	NR	
852	8	Sequence number	NR	
856	a	Host name	R	
856	b	Access number	R	
856	c	Compression information	R	
856	d	Path	R	
856	f	Electronic name	R	
856	g	Uniform Resource Name	R	[OBSOLETE]
856	h	Processor of request	NR	
856	i	Instruction	R	
856	j	Bits per second	NR	
856	k	Password	NR	
856	l	Logon	NR	
856	m	Contact for access assistance	R	
856	n	Name of location of host	NR	
856	o	Operating system	NR	
856	p	Port	NR	
856	q	Electronic format type	NR	
856	r	Settings	NR	
856	s	File size	R	
856	t	Terminal emulation	R	
856	u	Uniform Resource Identifier	R	
856	v	Hours access method available	R	
856	w	Record control number	R	
856	x	Nonpublic note	R	
856	y	Link text	R	
856	z	Public note	R	
856	2	Access method	NR	
856	3	Materials specified	NR	
856	6	Linkage	NR	
856	8	Field link and sequence number	R	
880	6	Linkage	NR	
880	a-z			
880	0-5			
880	7-9			
883	a	Replacement title	R	
883	i	Explanatory text	R	
883	w	Replacement bibliographic record control number	R	
883	6	Linkage	NR	
883	8	Field link and sequence number	R	
883	a	Generation process	NR	
883	c	Confidence value	NR	
883	d	Generation date	NR	
883	q	Generation agency	NR	
883	x	Validity end date	NR	
883	u	Uniform Resource Identifier	NR	
883	w	Bibliographic record control number	R	
883	0	Authority record control number or standard number	R	
883	8	Field link and sequence number	R	
884	a	Conversion process	NR	
884	g	Conversion date	NR	
884	k	Identifier of source metadata	NR	
884	q	Conversion agency	NR	
884	u	Uniform Resource Identifier	R	
885	a	Matching information	NR	
885	b	Status of matching and its checking	NR	
885	c	Confidence value	NR	
885	d	Generation date	NR	
885	w	Record control number	R	
885	x	Nonpublic note	R	
885	z	Public note	R	
885	0	Authority record control number or standard number	R	
885	2	Source	NR	
885	5	Institution to which field applies	NR	
886	a	Tag of the foreign MARC field	NR	
886	b	Content of the foreign MARC field	NR	
886	2	Source of data	NR	
886	a-z		R	
886	0-9		R	
887	a	Content of non-MARC field	NR	
887	2	Source of data	NR	
