field,source data format,provisional?,institution,element/field,subelement/field(s),constraints,processing_type,processing instructions,notes,mapping_id,mapping issue ct,field issue ct,field defined?
author_facet,MARC,n,GEN,100,abcd(g)jqu,.,concat_subelements,"subfield g included if there is NO $t or $k, or if it occurs BEFORE any $t/$k present ;;; https://github.com/trln/data-documentation/blob/master/argot/processing_rules_and_procedures.md#all-fields-that-become-facet-values",x,author_facetGEN100abcd(g)jqu.,0,0,y
author_facet,MARC,n,GEN,110,abcd(g)(n)u,.,concat_subelements,"$g and/or $n included if there is NO $t or $k, or if it occurs BEFORE any $t/$k present ;;; https://github.com/trln/data-documentation/blob/master/argot/processing_rules_and_procedures.md#all-fields-that-become-facet-values",x,author_facetGEN110abcd(g)(n)u.,0,0,y
author_facet,MARC,n,GEN,111,acde(g)(n)qu,.,concat_subelements,"$g and/or $n included if there is NO $t or $k, or if it occurs BEFORE any $t/$k present ;;; https://github.com/trln/data-documentation/blob/master/argot/processing_rules_and_procedures.md#all-fields-that-become-facet-values",x,author_facetGEN111acde(g)(n)qu.,0,0,y
author_facet,MARC,n,GEN,700,abcd(g)jqu,i2=2,concat_subelements,"subfield g included if there is NO $t or $k, or if it occurs BEFORE any $t/$k present ;;; https://github.com/trln/data-documentation/blob/master/argot/processing_rules_and_procedures.md#all-fields-that-become-facet-values",(analytical authors),author_facetGEN700abcd(g)jqui2=2,0,0,y
author_facet,MARC,n,GEN,700,abcd(g)jqu,i2!=2 AND (NO $e OR $4) AND (NO $t OR $k),concat_subelements,"subfield g included if there is NO $t or $k, or if it occurs BEFORE any $t/$k present ;;; https://github.com/trln/data-documentation/blob/master/argot/processing_rules_and_procedures.md#all-fields-that-become-facet-values",(unqualified name-only personal names),author_facetGEN700abcd(g)jqui2!=2 AND (NO $e OR $4) AND (NO $t OR $k),0,0,y
author_facet,MARC,n,GEN,700,abcd(g)jqu,i2!=2 AND (NO $t OR $k) AND (relator_category.include?('creator')),concat_subelements,"subfield g included if there is NO $t or $k, or if it occurs BEFORE any $t/$k present ;;; relator category: look up $e/$4 values in argot/maps/_relator_categories.json ;;; https://github.com/trln/data-documentation/blob/master/argot/processing_rules_and_procedures.md#all-fields-that-become-facet-values",(creators not part of name-title entries),author_facetGEN700abcd(g)jqui2!=2 AND (NO $t OR $k) AND (relator_category.include?('creator')),0,0,y
author_facet,MARC,n,GEN,700,abcd(g)jqu,i2!=2 AND (NO $t OR $k) AND ($e = (editor OR editor of compilation OR director OR film director) OR $4 = (edt OR edc OR drt OR fmd)),concat_subelements,"subfield g included if there is NO $t or $k, or if it occurs BEFORE any $t/$k present ;;; https://github.com/trln/data-documentation/blob/master/argot/processing_rules_and_procedures.md#all-fields-that-become-facet-values",(editors and directors),author_facetGEN700abcd(g)jqui2!=2 AND (NO $t OR $k) AND ($e = (editor OR editor of compilation OR director OR film director) OR $4 = (edt OR edc OR drt OR fmd)),0,0,y
call_no (holdings),MARCish,n,UNC,999,hijkm,i1=9 AND i2=3 AND $0=#{holdings_record_id} AND $2='852',concat_subelements,x,x,call_no (holdings)UNC999hijkmi1=9 AND i2=3 AND $0=#{holdings_record_id} AND $2='852',0,0,y
call_no (items),MARCish,n,UNC,999,qvc,i1=9 AND i2=1,concat_subelements,See https://github.com/trln/data-documentation/blob/master/argot/examples/items.md#item_call_number-unc,.,call_no (items)UNC999qvci1=9 AND i2=1,0,0,y
copy_no (items),MARCish,n,UNC,999,c,i1=9 AND i2=1 AND value != '1',subelement_to_value,.,.,copy_no (items)UNC999ci1=9 AND i2=1 AND value != '1',0,0,y
creator_main,MARC,n,GEN,100,abcd(g)jqu,.,concat_subelements,"subfield g included if there is NO $t or $k, or if it occurs BEFORE any $t/$k present",x,creator_mainGEN100abcd(g)jqu.,0,0,y
creator_main,MARC,n,GEN,110,abcd(g)(n)u,.,concat_subelements,"$g and/or $n included if there is NO $t or $k, or if it occurs BEFORE any $t/$k present",x,creator_mainGEN110abcd(g)(n)u.,0,0,y
creator_main,MARC,n,GEN,111,acde(g)(n)qu,.,concat_subelements,"$g and/or $n included there is NO $t or $k, or if it occurs BEFORE any $t/$k present",x,creator_mainGEN111acde(g)(n)qu.,0,0,y
creator_main_relator,MARC,n,GEN,100,e4,.,subelement_to_value,https://github.com/trln/data-documentation/blob/master/argot/processing_rules_and_procedures.md#e-and-4-and-in-x11-headings-j,x,creator_main_relatorGEN100e4.,0,0,y
creator_main_relator,MARC,n,GEN,110,e4,.,subelement_to_value,https://github.com/trln/data-documentation/blob/master/argot/processing_rules_and_procedures.md#e-and-4-and-in-x11-headings-j,x,creator_main_relatorGEN110e4.,0,0,y
creator_main_relator,MARC,n,GEN,111,j4,.,subelement_to_value,https://github.com/trln/data-documentation/blob/master/argot/processing_rules_and_procedures.md#e-and-4-and-in-x11-headings-j,x,creator_main_relatorGEN111j4.,0,0,y
date_cataloged,MARCish,n,DUKE,946,b,.,subelement_to_value,Convert to whatever standard date format you decide is best for this field. Note: It is expected that this field will be empty in provisional or on-the-fly records.,.,date_catalogedDUKE946b.,0,0,y
date_cataloged,MARCish,n,NCSU,909,a,.,subelement_to_value,Convert to whatever standard date format you decide is best for this field. Note: It is expected that this field will be empty in provisional or on-the-fly records.,.,date_catalogedNCSU909a.,0,0,y
date_cataloged,MARCish,n,UNC,999,a,i1=0 AND i2=0,subelement_to_value,Convert to whatever standard date format you decide is best for this field. Note: It is expected that this field will be empty in provisional or on-the-fly records.,.,date_catalogedUNC999ai1=0 AND i2=0,0,0,y
date_cataloged,MARCish,y,NCCU,.,.,.,.,Convert to whatever standard date format you decide is best for this field. Note: It is expected that this field will be empty in provisional or on-the-fly records.,,date_catalogedNCCU...,1,0,y
director,MARC,n,GEN,100,abcd(g)jqu,$e = ('director' OR 'film director') OR $4 = ('drt' OR 'fmd'),subelement_to_value,"subfield g included if there is NO $t or $k, or if it occurs BEFORE any $t/$k present","Main author/creatorship is assumed when name is recorded in 1xx, and may not always be represented by explicit relator term/code. Director is a ""contributor"" role, not a ""creator role"". There is no good way to tell if ""1xx Doe, John$edirector"") really means ""writer and director"" or if the name *should* have been recorded in 7xx field because the person only was in a contributor role. We err on the side of treating it as if the name has two roles. ",directorGEN100abcd(g)jqu$e = ('director' OR 'film director') OR $4 = ('drt' OR 'fmd'),0,0,y
director,MARC,n,GEN,700,abcd(g)jqu,$e = ('director' OR 'film director') OR $4 = ('drt' OR 'fmd'),subelement_to_value,"subfield g included if there is NO $t or $k, or if it occurs BEFORE any $t/$k present",x,directorGEN700abcd(g)jqu$e = ('director' OR 'film director') OR $4 = ('drt' OR 'fmd'),0,0,y
director,MARC,n,GEN,710,abcd(g)(n)u,$e = ('director' OR 'film director') OR $4 = ('drt' OR 'fmd'),subelement_to_value,"$g and/or $n included if there is NO $t or $k, or if it occurs BEFORE any $t/$k present",x,directorGEN710abcd(g)(n)u$e = ('director' OR 'film director') OR $4 = ('drt' OR 'fmd'),0,0,y
due_date (items),MARCish,n,UNC,999,d,i1=9 AND i2=1,subelement_to_value,.,Will be blank if item is NOT checked out,due_date (items)UNC999di1=9 AND i2=1,0,0,y
editor,MARC,n,GEN,100,abcd(g)jqu,$e = ('editor' OR 'editor of compilation') OR $4 = ('edt' OR 'edc'),subelement_to_value,"$g and/or $n included if there is NO $t or $k, or if it occurs BEFORE any $t/$k present","Main author/creatorship is assumed when name is recorded in 1xx, and may not always be represented by explicit relator term/code. Editor is a ""contributor"" role, not a ""creator role"". There is no good way to tell if ""1xx Doe, John$eeditor"") really means ""author and editor,"" or if the name *should* have been recorded in 7xx field because the person only was in a contributor role. We err on the side of treating it as if the name has two roles. ",editorGEN100abcd(g)jqu$e = ('editor' OR 'editor of compilation') OR $4 = ('edt' OR 'edc'),0,0,y
editor,MARC,n,GEN,700,abcd(g)jqu,$e = ('editor' OR 'editor of compilation') OR $4 = ('edt' OR 'edc'),subelement_to_value,"$g and/or $n included if there is NO $t or $k, or if it occurs BEFORE any $t/$k present",x,editorGEN700abcd(g)jqu$e = ('editor' OR 'editor of compilation') OR $4 = ('edt' OR 'edc'),0,0,y
holdings_id,MARCish,n,UNC,999,a,(i1=9 AND i2=2) AND $c > 0,subelement_to_value,x,x,holdings_idUNC999a(i1=9 AND i2=2) AND $c > 0,0,0,y
item_id,MARCish,n,UNC,999,i,i1=9 AND i2=1,subelement_to_value,.,.,item_idUNC999ii1=9 AND i2=1,0,0,y
loc_b (holdings),MARCish,n,UNC,999,b,i1=9 and i2=2,derived from other field,derived from  holdings_location_shelf -- See https://github.com/trln/data-documentation/blob/master/argot/questions_issues/location.md#one-idea-for-data-mappingtransformation,x,loc_b (holdings)UNC999bi1=9 and i2=2,0,0,y
loc_b (items),MARCish,n,UNC,999,l,i1=9 AND i2=1,map subelement to value,See https://github.com/trln/data-documentation/blob/master/argot/questions_issues/location.md#one-idea-for-data-mappingtransformation,.,loc_b (items)UNC999li1=9 AND i2=1,0,0,y
loc_b (items),MARCish,n,UNC,999,f,i1=9 AND i2=4 AND NOT EXIST (tag=999 AND i1=9 and i2=1),map subelement to value,See https://github.com/trln/data-documentation/blob/master/argot/questions_issues/location.md#one-idea-for-data-mappingtransformation,.,loc_b (items)UNC999fi1=9 AND i2=4 AND NOT EXIST (tag=999 AND i1=9 and i2=1),0,0,y
loc_n (holdings),MARCish,n,UNC,999,b,i1=9 and i2=2,subelement_to_value,See https://github.com/trln/data-documentation/blob/master/argot/questions_issues/location.md#one-idea-for-data-mappingtransformation,,loc_n (holdings)UNC999bi1=9 and i2=2,0,0,y
loc_n (items),MARCish,n,UNC,999,l,i1=9 AND i2=1,subelement_to_value,See https://github.com/trln/data-documentation/blob/master/argot/questions_issues/location.md#one-idea-for-data-mappingtransformation,.,loc_n (items)UNC999li1=9 AND i2=1,0,0,y
loc_n (items),MARCish,n,UNC,999,f,i1=9 AND i2=4 AND NOT EXIST (tag=999 AND i1=9 and i2=1),subelement_to_value,See https://github.com/trln/data-documentation/blob/master/argot/questions_issues/location.md#one-idea-for-data-mappingtransformation,.,loc_n (items)UNC999fi1=9 AND i2=4 AND NOT EXIST (tag=999 AND i1=9 and i2=1),0,0,y
notes (holdings),MARCish,n,UNC,999,lz,i1=9 AND i2=3 AND $0=#{holdings_record_id} AND $2='852',subelement_to_value,x,x,notes (holdings)UNC999lzi1=9 AND i2=3 AND $0=#{holdings_record_id} AND $2='852',0,0,y
notes (items),MARCish,n,UNC,999,n,i1=9 AND i2=1,subelement_to_value,.,.,notes (items)UNC999ni1=9 AND i2=1,0,0,y
status (items),MARCish,n,UNC,999,d,i1=9 AND i2=1 and $d IS NOT blank,"value = ""Checked Out""",.,.,status (items)UNC999di1=9 AND i2=1 and $d IS NOT blank,0,0,y
status (items),MARCish,n,UNC,999,s,i1=9 AND i2=1 and $d IS blank,map subelement to value,"See maps/item_status_ils_to_argot.json[""UNC""]",.,status (items)UNC999si1=9 AND i2=1 and $d IS blank,0,0,y
status (items),MARCish,n,UNC,999,a,i1=9 AND i2=4 AND NOT EXIST (tag=999 AND i1=9 and i2=1),"value = ""On Order""",.,Order record data (999 94) should only be output if there is no item or holdings data output,status (items)UNC999ai1=9 AND i2=4 AND NOT EXIST (tag=999 AND i1=9 and i2=1),0,0,y
subject_chronological_facet,MARC,n,GEN,600,y,i2=0 OR (i2=7 AND $2=lcsh),subelement_to_value,.,.,subject_chronological_facetGEN600yi2=0 OR (i2=7 AND $2=lcsh),0,1,y
subject_chronological_facet,MARC,n,GEN,610,y,i2=0 OR (i2=7 AND $2=lcsh),subelement_to_value,.,.,subject_chronological_facetGEN610yi2=0 OR (i2=7 AND $2=lcsh),0,1,y
subject_chronological_facet,MARC,n,GEN,611,y,i2=0 OR (i2=7 AND $2=lcsh),subelement_to_value,.,.,subject_chronological_facetGEN611yi2=0 OR (i2=7 AND $2=lcsh),0,1,y
subject_chronological_facet,MARC,n,GEN,630,y,i2=0 OR (i2=7 AND $2=lcsh),subelement_to_value,.,.,subject_chronological_facetGEN630yi2=0 OR (i2=7 AND $2=lcsh),0,1,y
subject_chronological_facet,MARC,n,GEN,650,y,i2=0 OR (i2=7 AND $2=lcsh),subelement_to_value,.,.,subject_chronological_facetGEN650yi2=0 OR (i2=7 AND $2=lcsh),0,1,y
subject_chronological_facet,MARC,n,GEN,651,y,i2=0 OR (i2=7 AND $2=lcsh),subelement_to_value,.,.,subject_chronological_facetGEN651yi2=0 OR (i2=7 AND $2=lcsh),0,1,y
subject_chronological_facet,MARC,n,GEN,655,y,i2=0 OR (i2=7 AND $2=lcsh),subelement_to_value,.,.,subject_chronological_facetGEN655yi2=0 OR (i2=7 AND $2=lcsh),0,1,y
subject_chronological_facet,MARC,y,GEN,648,a,i2=0 OR (i2=7 AND $2=~/lcsh|fast/),subelement_to_value,.,"Need PO approval to include FAST terms -- seems they will be used much more than LCSH ever will in this field. On 2017-08-16, UNC has 33302 instances of FAST terms used here and 0 LCSH terms used in this field.;;;Verify with other institutions that this mapping works with this field for them.",subject_chronological_facetGEN648ai2=0 OR (i2=7 AND $2=~/lcsh|fast/),0,1,y
subject_genre_facet,MARC,n,GEN,006,16,LDR/06 = a AND LDR/07 =~ [acdm] AND 006/00 =~ [at],subelement_to_value,"map a value from 008_literary_form.json if there is a match. If there is no match, don't populate",.,subject_genre_facetGEN616LDR/06 = a AND LDR/07 =~ [acdm] AND 006/00 =~ [at],0,2,y
subject_genre_facet,MARC,n,GEN,006,17,LDR/06 = a AND LDR/07 =~ [acdm] AND 006/00 =~ [at],subelement_to_value,"if =~ [abcd], value = Biography",. ,subject_genre_facetGEN617LDR/06 = a AND LDR/07 =~ [acdm] AND 006/00 =~ [at],0,2,y
subject_genre_facet,MARC,n,GEN,008,33,LDR/06 = a AND LDR/07 =~ [acdm],subelement_to_value,"map a value from 008_literary_form.json if there is a match. If there is no match, don't populate",.,subject_genre_facetGEN833LDR/06 = a AND LDR/07 =~ [acdm],0,2,y
subject_genre_facet,MARC,n,GEN,008,34,LDR/06 = a AND LDR/07 =~ [acdm],subelement_to_value,"if =~ [abcd], value = Biography",. ,subject_genre_facetGEN834LDR/06 = a AND LDR/07 =~ [acdm],0,2,y
subject_genre_facet,MARC,n,GEN,600,v,i2=0 OR (i2=7 AND $2=lcsh),subelement_to_value,.,.,subject_genre_facetGEN600vi2=0 OR (i2=7 AND $2=lcsh),0,2,y
subject_genre_facet,MARC,n,GEN,610,v,i2=0 OR (i2=7 AND $2=lcsh),subelement_to_value,.,.,subject_genre_facetGEN610vi2=0 OR (i2=7 AND $2=lcsh),0,2,y
subject_genre_facet,MARC,n,GEN,611,v,i2=0 OR (i2=7 AND $2=lcsh),subelement_to_value,.,.,subject_genre_facetGEN611vi2=0 OR (i2=7 AND $2=lcsh),0,2,y
subject_genre_facet,MARC,n,GEN,630,v,i2=0 OR (i2=7 AND $2=lcsh),subelement_to_value,.,.,subject_genre_facetGEN630vi2=0 OR (i2=7 AND $2=lcsh),0,2,y
subject_genre_facet,MARC,n,GEN,650,v,i2=0 OR (i2=7 AND $2=lcsh),subelement_to_value,.,.,subject_genre_facetGEN650vi2=0 OR (i2=7 AND $2=lcsh),0,2,y
subject_genre_facet,MARC,n,GEN,651,v,i2=0 OR (i2=7 AND $2=lcsh),subelement_to_value,.,.,subject_genre_facetGEN651vi2=0 OR (i2=7 AND $2=lcsh),0,2,y
subject_genre_facet,MARC,n,GEN,655,v,i2=0 OR (i2=7 AND $2=lcsh),subelement_to_value,.,.,subject_genre_facetGEN655vi2=0 OR (i2=7 AND $2=lcsh),0,2,y
subject_genre_facet,MARC,y,GEN,647,v,i2=0 OR (i2=7 AND $2=lcsh),subelement_to_value,.,UNC doesn't have this field in our catalog at all yet. It was added to MARC in 2016-11 and probably hasn't been implemented by OCLC yet. We can hold off on including it.,subject_genre_facetGEN647vi2=0 OR (i2=7 AND $2=lcsh),0,2,y
subject_genre_facet,MARC,y,GEN,648,v,i2=0 OR (i2=7 AND $2=lcsh),subelement_to_value,.,UNC doesn't have any occurrences of this subfield (regardless of term source),subject_genre_facetGEN648vi2=0 OR (i2=7 AND $2=lcsh),0,2,y
subject_genre_facet,MARC,y,GEN,655,ax,i2=0 OR (i2=7 AND $2=lcsh),concat_subelements,"Separate subelements with ""--"", not "" """,Need to consult with metadata experts at other institutions to verify this is the best way to handle $x;;;Need PO approval to include non-LCSH vocabularies,subject_genre_facetGEN655axi2=0 OR (i2=7 AND $2=lcsh),0,2,y
subject_genre_facet,MARC,y,GEN,655,ax,i2=7 AND $2=lcgft,concat_subelements,"Separate subelements with ""--"", not "" """,Need to consult with metadata experts at other institutions to verify this is the best way to handle $x;;;Need PO approval to include non-LCSH vocabularies: Library of Congress genre/form terms for library and archival materials -- long history of use in our records,subject_genre_facetGEN655axi2=7 AND $2=lcgft,0,2,y
subject_genre_facet,MARC,y,GEN,655,ax,i2=7 AND $2=rbbin,concat_subelements,"Separate subelements with ""--"", not "" ""","Need PO approval to include non-LCSH vocabularies: Binding terms: a thesaurus for use in rare book and special collections cataloguing (Chicago: Association of College and Research Libraries, ALA) -- Important for rare/special library materials -- 6064 headings in UNC cat on 2017-08-16",subject_genre_facetGEN655axi2=7 AND $2=rbbin,0,2,y
subject_genre_facet,MARC,y,GEN,655,ax,i2=7 AND $2=rbgenr,concat_subelements,"Separate subelements with ""--"", not "" """,Need PO approval to include non-LCSH vocabularies: Genre terms: a thesaurus for use in rare book and special collections cataloguing (Chicago: Association of College and Research Libraries) -- Important for rare/special library materials -- 173536 headings in UNC cat on 2017-08-16,subject_genre_facetGEN655axi2=7 AND $2=rbgenr,0,2,y
subject_genre_facet,MARC,y,GEN,655,ax,i2=7 AND $2=rbprov,concat_subelements,"Delete "" (Provenance)"" from $a value;;;Separate subelements with ""--"", not "" ""","Need PO approval to include non-LCSH vocabularies: Provenance evidence: a thesaurus for use in rare book and special collections cataloging (Chicago: Association of College and Research Libraries, ALA) -- Important for rare/special library materials -- >10000 headings in UNC cat on 2017-08-16",subject_genre_facetGEN655axi2=7 AND $2=rbprov,0,2,y
subject_genre_facet,MARC,y,GEN,655,v,i2=7 AND $2=lcgft,subelement_to_value,.,Need PO approval to include non-LCSH vocabularies: Library of Congress genre/form terms for library and archival materials -- long history of use in our records,subject_genre_facetGEN655vi2=7 AND $2=lcgft,0,2,y
subject_genre_facet,MARC,y,GEN,655,v,i2=7 AND $2=rbbin,subelement_to_value,.,"Need PO approval to include non-LCSH vocabularies: Binding terms: a thesaurus for use in rare book and special collections cataloguing (Chicago: Association of College and Research Libraries, ALA) -- Important for rare/special library materials -- 6064 headings in UNC cat on 2017-08-16",subject_genre_facetGEN655vi2=7 AND $2=rbbin,0,2,y
subject_genre_facet,MARC,y,GEN,655,v,i2=7 AND $2=rbgenr,subelement_to_value,.,Need PO approval to include non-LCSH vocabularies: Genre terms: a thesaurus for use in rare book and special collections cataloguing (Chicago: Association of College and Research Libraries) -- Important for rare/special library materials -- 173536 headings in UNC cat on 2017-08-16,subject_genre_facetGEN655vi2=7 AND $2=rbgenr,0,2,y
subject_genre_facet,MARC,y,GEN,655,v,i2=7 AND $2=rbprov,subelement_to_value,.,"Need PO approval to include non-LCSH vocabularies: Provenance evidence: a thesaurus for use in rare book and special collections cataloging (Chicago: Association of College and Research Libraries, ALA) -- Important for rare/special library materials -- >10000 headings in UNC cat on 2017-08-16",subject_genre_facetGEN655vi2=7 AND $2=rbprov,0,2,y
subject_genre_facet,MARC,y,GEN,656,kv,i2=7 AND $2=lcsh,subelement_to_value,.,"UNC doesn't have any occurrences of these subfields (regardless of term source). Check w/other institutions re: current needs here. Can/should be mapped eventually, depending on how use of field evolves",subject_genre_facetGEN656kvi2=7 AND $2=lcsh,0,2,y
subject_genre_facet,MARC,y,GEN,657,v,i2=7 AND $2=lcsh,subelement_to_value,.,"UNC doesn't have any occurrences of these subfields (regardless of term source). Check w/other institutions re: current needs here. Can/should be mapped eventually, depending on how use of field evolves",subject_genre_facetGEN657vi2=7 AND $2=lcsh,0,2,y
subject_geographic_facet,MARC,n,GEN,600,z,i2=0 OR (i2=7 AND $2=lcsh),subelement_to_value,.,.,subject_geographic_facetGEN600zi2=0 OR (i2=7 AND $2=lcsh),0,1,y
subject_geographic_facet,MARC,n,GEN,610,z,i2=0 OR (i2=7 AND $2=lcsh),subelement_to_value,.,.,subject_geographic_facetGEN610zi2=0 OR (i2=7 AND $2=lcsh),0,1,y
subject_geographic_facet,MARC,n,GEN,611,z,i2=0 OR (i2=7 AND $2=lcsh),subelement_to_value,.,.,subject_geographic_facetGEN611zi2=0 OR (i2=7 AND $2=lcsh),0,1,y
subject_geographic_facet,MARC,n,GEN,630,z,i2=0 OR (i2=7 AND $2=lcsh),subelement_to_value,.,.,subject_geographic_facetGEN630zi2=0 OR (i2=7 AND $2=lcsh),0,1,y
subject_geographic_facet,MARC,n,GEN,650,z,i2=0 OR (i2=7 AND $2=lcsh),subelement_to_value,.,.,subject_geographic_facetGEN650zi2=0 OR (i2=7 AND $2=lcsh),0,1,y
subject_geographic_facet,MARC,n,GEN,651,z,i2=0 OR (i2=7 AND $2=lcsh),subelement_to_value,.,.,subject_geographic_facetGEN651zi2=0 OR (i2=7 AND $2=lcsh),0,1,y
subject_geographic_facet,MARC,n,GEN,655,z,i2=0 OR (i2=7 AND $2=lcsh),subelement_to_value,.,.,subject_geographic_facetGEN655zi2=0 OR (i2=7 AND $2=lcsh),0,1,y
subject_geographic_facet,MARC,y,GEN,648,z,i2=0 OR (i2=7 AND $2=~/lcsh|fast/),subelement_to_value,.,UNC doesn't have any occurrences of this subfield (regardless of term source),subject_geographic_facetGEN648zi2=0 OR (i2=7 AND $2=~/lcsh|fast/),0,1,y
subject_topic_lcsh_facet,MARC,n,GEN,600,abcdfghjklmnopqrstu,i2=0 OR (i2=7 AND $2=lcsh),concat_subelements,.,"In Endeca data model, people (and their works) as topics are mapped into subject:topic facet",subject_topic_lcsh_facetGEN600abcdfghjklmnopqrstui2=0 OR (i2=7 AND $2=lcsh),0,1,y
subject_topic_lcsh_facet,MARC,n,GEN,600,x,i2=0 OR (i2=7 AND $2=lcsh),subelement_to_value,.,.,subject_topic_lcsh_facetGEN600xi2=0 OR (i2=7 AND $2=lcsh),0,1,y
subject_topic_lcsh_facet,MARC,n,GEN,610,abcdfghklmnoprstu,i2=0 OR (i2=7 AND $2=lcsh),concat_subelements,.,"In Endeca data model, corporate bodies (and their works) as topics are mapped into subject:topic facet",subject_topic_lcsh_facetGEN610abcdfghklmnoprstui2=0 OR (i2=7 AND $2=lcsh),0,1,y
subject_topic_lcsh_facet,MARC,n,GEN,610,x,i2=0 OR (i2=7 AND $2=lcsh),subelement_to_value,.,.,subject_topic_lcsh_facetGEN610xi2=0 OR (i2=7 AND $2=lcsh),0,1,y
subject_topic_lcsh_facet,MARC,n,GEN,611,acdefghklnpqstu,i2=0 OR (i2=7 AND $2=lcsh),concat_subelements,.,"In Endeca data model, meeting names (and their works) as topics are mapped into subject:topic facet",subject_topic_lcsh_facetGEN611acdefghklnpqstui2=0 OR (i2=7 AND $2=lcsh),0,1,y
subject_topic_lcsh_facet,MARC,n,GEN,611,x,i2=0 OR (i2=7 AND $2=lcsh),subelement_to_value,.,.,subject_topic_lcsh_facetGEN611xi2=0 OR (i2=7 AND $2=lcsh),0,1,y
subject_topic_lcsh_facet,MARC,n,GEN,630,adfghklmnoprst,i2=0 OR (i2=7 AND $2=lcsh),concat_subelements,.,"In Endeca data model, works as topics are mapped into subject:topic facet",subject_topic_lcsh_facetGEN630adfghklmnoprsti2=0 OR (i2=7 AND $2=lcsh),0,1,y
subject_topic_lcsh_facet,MARC,n,GEN,630,x,i2=0 OR (i2=7 AND $2=lcsh),subelement_to_value,.,.,subject_topic_lcsh_facetGEN630xi2=0 OR (i2=7 AND $2=lcsh),0,1,y
subject_topic_lcsh_facet,MARC,n,GEN,650,abcdg,i2=0 OR (i2=7 AND $2=lcsh),concat_subelements,.,.,subject_topic_lcsh_facetGEN650abcdgi2=0 OR (i2=7 AND $2=lcsh),0,1,y
subject_topic_lcsh_facet,MARC,n,GEN,650,x,i2=0 OR (i2=7 AND $2=lcsh),subelement_to_value,.,.,subject_topic_lcsh_facetGEN650xi2=0 OR (i2=7 AND $2=lcsh),0,1,y
subject_topic_lcsh_facet,MARC,n,GEN,651,x,i2=0 OR (i2=7 AND $2=lcsh),subelement_to_value,.,.,subject_topic_lcsh_facetGEN651xi2=0 OR (i2=7 AND $2=lcsh),0,1,y
subject_topic_lcsh_facet,MARC,y,GEN,647,acdg,i2=0 OR (i2=7 AND $2=lcsh),concat_subelements,.,UNC doesn't have this field in our catalog at all yet. It was added to MARC in 2016-11 and probably hasn't been implemented by OCLC yet. We can hold off on including it.,subject_topic_lcsh_facetGEN647acdgi2=0 OR (i2=7 AND $2=lcsh),0,1,y
subject_topic_lcsh_facet,MARC,y,GEN,647,x,i2=0 OR (i2=7 AND $2=lcsh),subelement_to_value,.,UNC doesn't have this field in our catalog at all yet. It was added to MARC in 2016-11 and probably hasn't been implemented by OCLC yet. We can hold off on including it.,subject_topic_lcsh_facetGEN647xi2=0 OR (i2=7 AND $2=lcsh),0,1,y
subject_topic_lcsh_facet,MARC,y,GEN,648,x,i2=0 OR (i2=7 AND $2=lcsh),subelement_to_value,.,UNC doesn't have any occurrences of this subfield (regardless of term source),subject_topic_lcsh_facetGEN648xi2=0 OR (i2=7 AND $2=lcsh),0,1,y
subject_topic_lcsh_facet,MARC,y,GEN,655,x,i2=0 OR (i2=7 AND $2=lcsh),subelement_to_value,.,.,subject_topic_lcsh_facetGEN655xi2=0 OR (i2=7 AND $2=lcsh),1,1,y
subject_topic_lcsh_facet,MARC,y,GEN,656,a,i2=7 AND $2=lcsh,subelement_to_value,.,"UNC only has 4 LCSH occurrences. Check w/other institutions re: current needs here. Can/should be mapped eventually, depending on how use of field evolves",subject_topic_lcsh_facetGEN656ai2=7 AND $2=lcsh,0,1,y
subject_topic_lcsh_facet,MARC,y,GEN,656,x,i2=7 AND $2=lcsh,subelement_to_value,.,"UNC doesn't have any occurrences of these subfields (regardless of term source). Check w/other institutions re: current needs here. Can/should be mapped eventually, depending on how use of field evolves",subject_topic_lcsh_facetGEN656xi2=7 AND $2=lcsh,0,1,y
subject_topic_lcsh_facet,MARC,y,GEN,657,a,i2=7 AND $2=lcsh,subelement_to_value,.,"UNC doesn't have any occurrences of this field (regardless of term source). Check w/other institutions re: needs here. May need to handle at some point in the future, depending on how field use evolves in practice. ",subject_topic_lcsh_facetGEN657ai2=7 AND $2=lcsh,0,1,y
subject_topic_lcsh_facet,MARC,y,GEN,657,x,i2=7 AND $2=lcsh,subelement_to_value,.,"UNC doesn't have any occurrences of this field (regardless of term source). Check w/other institutions re: needs here. May need to handle at some point in the future, depending on how field use evolves in practice. ",subject_topic_lcsh_facetGEN657xi2=7 AND $2=lcsh,0,1,y
summary (holdings),MARCish,n,UNC,999,a,i1=9 AND i2=3 AND $0=#{holdings_record_id} AND $2='866',subelement_to_value,x,x,summary (holdings)UNC999ai1=9 AND i2=3 AND $0=#{holdings_record_id} AND $2='866',0,0,y
uniform_title,MARC,n,GEN,100,f(g)klnpt,.,concat_subelements,$g included if it occurs AFTER a $t or $k,"Appears to be old practice for recording uniform title, instead of using separate 240. UNC doesn't have any records where uniform title info is in the 1xx AND a 240.",uniform_titleGEN100f(g)klnpt.,0,0,y
uniform_title,MARC,n,GEN,110,f(g)kl(n)pt,.,concat_subelements,$g and/or $n included if it occurs AFTER a $t or $k,"Appears to be old practice for recording uniform title, instead of using separate 240. UNC doesn't have any records where uniform title info is in the 1xx AND a 240.",uniform_titleGEN110f(g)kl(n)pt.,0,0,y
uniform_title,MARC,n,GEN,111,f(g)kl(n)pt,.,concat_subelements,$g and/or $n included if it occurs AFTER a $t or $k,"Appears to be old practice for recording uniform title, instead of using separate 240. UNC doesn't have any records where uniform title info is in the 1xx AND a 240.",uniform_titleGEN111f(g)kl(n)pt.,0,0,y
vol (items),MARCish,n,UNC,999,v,i1=9 AND i2=1,subelement_to_value,.,.,vol (items)UNC999vi1=9 AND i2=1,0,0,y
